1646092800000,113.61,116.00,113.49,114.61,188359.223,1646096399999,21634722.52107,37940,99005.515,11373514.78529,0
1646096400000,114.62,114.85,112.83,112.93,91947.314,1646099999999,10442464.91710,22311,44772.613,5085204.66538,0
1646100000000,112.93,113.13,112.14,112.76,86417.500,1646103599999,9735443.95625,20028,49020.768,5523115.94568,0
1646103600000,112.74,112.82,111.88,112.52,48921.513,1646107199999,5492992.11864,13329,27808.405,3123401.37861,0
1646107200000,112.51,113.24,112.26,112.99,43240.236,1646110799999,4873553.15710,11287,22993.446,2591688.30346,0
1646110800000,112.99,113.17,111.73,112.30,45643.791,1646114399999,5128939.69042,11603,20649.809,2320017.61065,0
1646114400000,112.28,112.58,111.10,112.49,66767.498,1646117999999,7474538.91979,13566,32796.476,3671829.94148,0
1646118000000,112.50,113.05,112.04,112.69,66653.585,1646121599999,7505110.14026,12778,32164.084,3621972.99456,0
1646121600000,112.70,113.03,111.77,112.86,53022.778,1646125199999,5967237.21806,14626,26034.077,2930283.72952,0
1646125200000,112.85,112.88,111.26,111.77,68758.433,1646128799999,7707318.00043,18326,30323.718,3398461.48544,0
1646128800000,111.77,112.13,109.76,112.01,134515.525,1646132399999,14933720.27905,28584,61100.664,6791785.17744,0
1646132400000,112.01,112.75,110.64,111.48,93878.697,1646135999999,10489643.84790,21862,42850.509,4786845.55862,0
1646136000000,111.49,113.34,111.06,112.90,154506.885,1646139599999,17354289.96184,31319,68985.983,7749608.28590,0
1646139600000,112.88,115.30,112.22,114.88,191871.662,1646143199999,21804066.51272,36959,95037.374,10808764.70327,0
1646143200000,114.86,115.80,111.50,112.81,216174.828,1646146799999,24560556.92510,43802,94365.451,10716695.48287,0
1646146800000,112.79,113.60,111.36,112.10,161615.982,1646150399999,18172787.90364,31575,80174.550,9016634.24233,0
1646150400000,112.10,113.45,110.39,110.99,135225.578,1646153999999,15126214.11943,28892,66084.937,7394629.67844,0
1646154000000,110.99,113.52,110.90,112.18,135591.486,1646157599999,15235486.32092,24208,72585.167,8157240.17578,0
1646157600000,112.20,113.09,111.46,112.47,56526.267,1646161199999,6350616.68813,15284,25626.500,2880090.21262,0
1646161200000,112.46,113.01,111.45,111.66,74998.879,1646164799999,8419252.49094,14292,32087.837,3603596.06242,0
1646164800000,111.67,112.37,111.28,111.53,75335.262,1646168399999,8425738.06546,15929,32376.385,3621173.21488,0
1646168400000,111.54,112.14,110.81,111.46,74857.355,1646171999999,8353056.67450,17282,39540.351,4412340.33914,0
1646172000000,111.47,113.16,111.26,111.98,62015.771,1646175599999,6957051.88180,15931,32315.442,3625367.96121,0
1646175600000,111.98,112.68,111.62,112.57,40319.641,1646179199999,4524208.92372,13087,19390.599,2175966.67666,0
1646179200000,112.57,112.69,110.48,112.59,116784.551,1646182799999,13053958.94696,26166,53859.499,6020279.40991,0
1646182800000,112.60,113.73,111.56,112.76,71007.621,1646186399999,7998402.86797,21575,35848.552,4038330.90311,0
1646186400000,112.76,113.04,111.99,112.87,60540.028,1646189999999,6812348.46138,18597,26710.055,3006230.98996,0
1646190000000,112.86,114.64,112.62,114.01,102700.113,1646193599999,11669396.90802,22109,53569.246,6085669.26359,0
1646193600000,114.01,114.43,112.53,112.93,53761.187,1646197199999,6109043.85947,16478,22891.608,2601127.50862,0
1646197200000,112.89,113.19,112.22,112.89,45831.971,1646200799999,5169363.07462,12962,25179.352,2840755.90248,0
1646200800000,112.89,113.02,111.37,111.59,53898.246,1646204399999,6043502.64630,15217,22806.427,2557711.41799,0
1646204400000,111.59,111.95,111.07,111.94,64569.252,1646207999999,7206246.76250,18193,31722.308,3540250.11391,0
1646208000000,111.95,113.08,110.97,112.10,107815.183,1646211599999,12104057.21515,23363,59228.186,6650205.55685,0
1646211600000,112.08,112.75,111.36,112.26,80977.924,1646215199999,9082377.34246,20088,39816.624,4468452.69655,0
1646215200000,112.27,113.36,111.92,112.87,64571.008,1646218799999,7281214.81869,17507,31673.496,3571624.06399,0
1646218800000,112.87,113.19,112.15,112.98,52358.630,1646222399999,5903715.84605,15673,27255.015,3073194.48167,0
1646222400000,112.97,113.40,111.43,112.02,105024.821,1646225999999,11783536.31683,22117,51026.364,5726701.37867,0
1646226000000,112.03,112.10,109.01,109.82,196775.383,1646229599999,21704459.57311,37784,85148.693,9392489.39040,0
1646229600000,109.84,112.32,109.47,111.92,209066.177,1646233199999,23176674.27802,42315,97118.417,10766160.69675,0
1646233200000,111.94,113.17,109.42,110.53,280845.683,1646236799999,31203412.77320,57013,120375.993,13378721.49995,0
1646236800000,110.56,111.24,110.13,110.77,83973.359,1646240399999,9297179.75689,19873,43480.480,4814362.68436,0
1646240400000,110.79,111.18,109.77,109.98,55786.450,1646243999999,6170195.94193,14339,24554.662,2716588.33519,0
1646244000000,109.97,110.78,109.58,109.93,58077.260,1646247599999,6396258.73303,13125,27308.523,3008147.90970,0
1646247600000,109.97,110.49,109.21,110.21,48976.396,1646251199999,5383856.11987,13772,23127.415,2542138.52040,0
1646251200000,110.21,110.66,110.00,110.36,38299.127,1646254799999,4224260.75658,12888,18163.767,2003847.99693,0
1646254800000,110.36,111.15,110.13,111.04,29087.062,1646258399999,3214966.45750,11568,14087.800,1557757.38401,0
1646258400000,111.03,111.56,110.29,110.55,48782.379,1646261999999,5405418.23376,15874,23679.661,2624423.11577,0
1646262000000,110.52,110.74,109.77,110.26,56017.808,1646265599999,6174807.54142,13637,26608.322,2933085.28361,0
1646265600000,110.25,111.42,109.82,110.99,72714.925,1646269199999,8035052.87887,17223,37084.935,4098902.25815,0
1646269200000,111.00,111.26,109.95,110.58,49982.286,1646272799999,5529779.06179,11993,24000.886,2654883.38134,0
1646272800000,110.57,111.03,109.90,110.74,60830.827,1646276399999,6716086.45974,13483,31440.323,3472144.59473,0
1646276400000,110.74,110.95,109.08,110.02,78939.974,1646279999999,8674428.38160,18146,37309.489,4101594.49246,0
1646280000000,110.04,111.95,109.94,110.53,108004.988,1646283599999,11984360.60775,22827,54726.608,6073528.31707,0
1646283600000,110.49,111.05,110.36,110.86,32683.061,1646287199999,3618998.72572,10274,18751.467,2076358.21198,0
1646287200000,110.86,112.34,110.13,112.18,89035.370,1646290799999,9900651.81371,19801,51343.214,5710785.51151,0
1646290800000,112.18,112.93,111.18,111.54,86062.694,1646294399999,9636181.15641,18079,36743.568,4115697.30621,0
1646294400000,111.52,111.97,110.65,111.04,66717.311,1646297999999,7423777.22205,14223,33091.803,3683356.46029,0
1646298000000,111.04,111.11,110.17,110.87,53991.946,1646301599999,5973059.97906,14576,25992.718,2876361.79921,0
1646301600000,110.86,111.90,110.54,111.71,57469.846,1646305199999,6389774.15665,15182,29602.344,3290515.71804,0
1646305200000,111.71,112.14,111.02,111.17,53397.519,1646308799999,5962446.94946,14259,23813.154,2658953.11193,0
1646308800000,111.15,111.98,110.70,111.29,44841.179,1646312399999,4993757.70247,13297,22905.524,2551617.32217,0
1646312400000,111.32,111.55,110.72,111.38,56332.323,1646315999999,6260581.24317,13333,29149.113,3240407.33188,0
1646316000000,111.39,112.99,110.55,111.50,207659.224,1646319599999,23202146.03945,38842,108664.687,12142884.85068,0
1646319600000,111.51,112.45,108.38,109.83,353802.764,1646323199999,39243881.46684,66009,181492.882,20146100.10681,0
1646323200000,109.83,111.02,108.50,109.65,223722.244,1646326799999,24585117.48126,43059,109323.170,12018824.22545,0
1646326800000,109.63,110.22,107.70,109.24,162219.172,1646330399999,17705755.10412,36423,75471.496,8243272.21654,0
1646330400000,109.23,111.24,108.92,109.80,160805.501,1646333999999,17721602.22238,32645,82068.983,9043896.84259,0
1646334000000,109.80,110.68,109.60,110.00,44715.056,1646337599999,4925656.63809,14410,19261.338,2121488.96563,0
1646337600000,109.99,110.29,109.17,109.70,73468.430,1646341199999,8057554.49062,20659,37423.336,4105039.20299,0
1646341200000,109.71,110.48,109.38,110.35,54229.500,1646344799999,5968231.94627,16403,26317.931,2896668.43590,0
1646344800000,110.35,111.60,110.32,110.87,72916.855,1646348399999,8090771.68191,20103,37619.652,4173380.69490,0
1646348400000,110.87,111.83,110.51,111.60,58394.432,1646351999999,6489888.70364,18011,29434.419,3272711.44580,0
1646352000000,111.60,112.58,107.31,107.87,311370.976,1646355599999,34279447.77778,58962,148913.954,16398605.40608,0
1646355600000,107.88,108.26,105.55,107.75,212423.916,1646359199999,22734278.52436,44877,103216.584,11054755.30643,0
1646359200000,107.75,108.03,107.13,107.51,54092.297,1646362799999,5816792.88117,13814,23712.715,2549796.86584,0
1646362800000,107.51,107.75,106.62,107.52,58074.872,1646366399999,6229460.05547,13965,26587.667,2852939.36207,0
1646366400000,107.49,107.54,106.00,106.70,72180.019,1646369999999,7694175.15632,15846,30414.620,3240877.04491,0
1646370000000,106.70,106.91,106.39,106.77,34069.930,1646373599999,3634504.64190,11090,15647.268,1669432.53754,0
1646373600000,106.76,107.37,106.70,107.02,40478.108,1646377199999,4331154.09430,11358,18465.601,1975853.99050,0
1646377200000,107.04,107.26,106.51,107.13,34699.851,1646380799999,3709107.38752,11612,16856.369,1801890.20194,0
1646380800000,107.11,107.46,104.87,107.20,121711.505,1646384399999,12944165.47426,28304,54503.441,5796218.77852,0
1646384400000,107.20,107.48,106.41,106.98,63976.064,1646387999999,6845749.51684,19448,29261.912,3132303.09918,0
1646388000000,106.95,107.87,106.79,107.46,47139.302,1646391599999,5066122.02908,12476,24108.412,2591382.05020,0
1646391600000,107.45,108.00,107.19,107.36,44504.329,1646395199999,4786582.26395,12252,22502.551,2420036.05044,0
1646395200000,107.35,107.60,106.55,107.15,78848.875,1646398799999,8444395.45948,15164,32879.236,3521419.14792,0
1646398800000,107.13,107.83,106.32,107.21,96373.758,1646402399999,10313658.06886,18077,49916.985,5342255.72593,0
1646402400000,107.20,107.35,104.59,105.79,167658.186,1646405999999,17787256.88966,34429,75344.751,7998357.50777,0
1646406000000,105.77,106.07,104.38,104.80,152504.379,1646409599999,16006438.00388,27763,77268.946,8112360.30196,0
1646409600000,104.80,105.20,103.96,104.71,87881.758,1646413199999,9187835.49084,22614,40187.120,4202444.68757,0
1646413200000,104.72,105.35,104.39,105.08,61299.619,1646416799999,6433633.19752,12746,24698.673,2592141.09397,0
1646416800000,105.09,105.37,104.22,104.42,44110.532,1646420399999,4628115.24255,10131,20080.900,2107781.05704,0
1646420400000,104.41,105.01,102.26,102.61,183131.137,1646423999999,18975889.31999,32969,83924.496,8702358.64793,0
1646424000000,102.62,103.14,101.26,102.09,135421.346,1646427599999,13816211.78858,31496,61244.920,6251942.40457,0
1646427600000,102.09,102.25,100.63,101.35,122044.940,1646431199999,12361066.04633,24645,51483.225,5214868.54707,0
1646431200000,101.36,101.84,98.88,101.44,178663.825,1646434799999,17959106.84989,39040,95679.769,9622839.21643,0
1646434800000,101.44,101.45,100.44,100.91,71750.607,1646438399999,7243438.00885,21007,30438.023,3073562.21448,0
1646438400000,100.90,100.91,99.44,99.53,120259.696,1646441999999,12038452.53289,27837,55277.634,5533568.39258,0
1646442000000,99.54,100.57,99.22,99.93,85905.783,1646445599999,8585483.06254,17966,39424.434,3940744.89911,0
1646445600000,99.94,100.47,99.79,100.14,56503.854,1646449199999,5659078.31083,12200,27783.028,2782681.01529,0
1646449200000,100.14,101.25,99.98,100.89,57491.760,1646452799999,5792414.37971,13486,27687.275,2790909.50296,0
1646452800000,100.89,101.07,100.20,100.82,59880.420,1646456399999,6031545.69770,12457,23391.677,2356791.34836,0
1646456400000,100.82,102.00,100.61,101.61,101804.437,1646459999999,10326040.86099,18099,54869.000,5566207.92706,0
1646460000000,101.61,101.94,101.42,101.69,41997.831,1646463599999,4270776.58467,11031,17582.612,1787944.68865,0
1646463600000,101.69,102.24,101.55,102.00,62437.036,1646467199999,6366261.63635,12928,29536.043,3011658.76027,0
1646467200000,102.00,102.98,101.95,102.75,67457.602,1646470799999,6909815.77871,16498,37145.241,3804459.67144,0
1646470800000,102.75,103.15,102.36,103.01,50070.331,1646474399999,5148314.46276,13106,25052.811,2576288.50145,0
1646474400000,103.01,103.07,102.03,102.98,77462.165,1646477999999,7948701.57522,16722,36929.545,3789779.40269,0
1646478000000,102.97,103.43,102.81,103.18,59363.084,1646481599999,6121585.44552,12116,27869.242,2874209.55972,0
1646481600000,103.19,103.77,102.96,103.22,61122.136,1646485199999,6318978.75126,13137,33746.899,3489218.45502,0
1646485200000,103.24,103.35,102.60,103.10,76221.769,1646488799999,7850947.49885,15890,44696.841,4604768.23084,0
1646488800000,103.10,103.57,102.82,103.38,54647.999,1646492399999,5639124.54387,13647,27246.128,2811337.70425,0
1646492400000,103.38,103.66,103.18,103.37,33737.078,1646495999999,3488450.68198,9546,17047.879,1762891.32329,0
1646496000000,103.37,104.89,103.22,104.09,86704.705,1646499599999,9020784.23228,19982,43542.415,4531395.81485,0
1646499600000,104.08,104.79,103.94,104.62,48411.111,1646503199999,5060832.41041,12846,22400.254,2342126.63302,0
1646503200000,104.63,105.11,104.13,104.85,51472.697,1646506799999,5382243.77587,13063,24021.015,2512272.20252,0
1646506800000,104.85,105.02,104.59,104.89,32605.217,1646510399999,3417696.56271,10606,16113.444,1689199.29428,0
1646510400000,104.89,105.23,104.73,104.88,55785.507,1646513999999,5856657.04538,12833,28077.976,2948025.13277,0
1646514000000,104.88,105.24,104.31,104.42,56029.012,1646517599999,5880971.70822,12500,25954.894,2724271.45705,0
1646517600000,104.42,105.23,104.20,105.05,45673.460,1646521199999,4785342.51712,11889,28185.897,2952953.92818,0
1646521200000,105.04,105.10,104.56,104.79,38379.202,1646524799999,4023118.83550,9871,21970.802,2303282.34443,0
1646524800000,104.78,105.24,104.56,105.13,39688.092,1646528399999,4165220.92281,9969,18383.892,1929337.54637,0
1646528400000,105.13,105.82,104.85,105.12,66513.662,1646531999999,6997612.21949,14959,36903.534,3882591.49691,0
1646532000000,105.11,105.37,104.57,104.96,36759.152,1646535599999,3862320.17003,10013,19827.855,2083840.83782,0
1646535600000,104.95,105.06,103.60,103.89,51781.561,1646539199999,5403691.02906,13339,24102.388,2515722.17447,0
1646539200000,103.90,104.15,102.33,103.62,105089.122,1646542799999,10842832.92478,26282,53282.155,5496159.96660,0
1646542800000,103.61,104.07,103.35,103.50,29470.362,1646546399999,3054162.37356,9368,14481.022,1500876.74411,0
1646546400000,103.47,103.96,103.35,103.65,30267.961,1646549999999,3137747.97346,9884,13396.522,1388887.97164,0
1646550000000,103.66,103.73,103.04,103.46,28047.838,1646553599999,2901347.43337,7972,12562.616,1299589.73257,0
1646553600000,103.46,103.59,103.15,103.26,29778.130,1646557199999,3077931.28106,10123,14358.927,1484332.59627,0
1646557200000,103.26,103.34,102.22,102.23,56501.303,1646560799999,5809125.97784,15189,26342.368,2708549.69685,0
1646560800000,102.23,102.44,101.15,101.72,121683.590,1646564399999,12374278.77667,29665,60713.445,6174545.34333,0
1646564400000,101.72,102.48,101.48,102.34,60728.211,1646567999999,6192188.79282,19257,27963.938,2851736.95125,0
1646568000000,102.34,103.16,101.91,102.57,75330.380,1646571599999,7727696.90275,20727,36275.592,3722411.82579,0
1646571600000,102.58,103.52,102.53,103.13,56190.215,1646575199999,5790064.32072,14886,26837.190,2765483.39119,0
1646575200000,103.13,103.26,102.46,102.55,46251.460,1646578799999,4754560.07200,11401,18401.959,1892032.33893,0
1646578800000,102.54,102.92,101.97,102.70,40582.405,1646582399999,4158009.56947,10044,19067.158,1953703.52552,0
1646582400000,102.69,103.74,102.11,103.57,77743.107,1646585999999,8022882.01349,16455,37392.002,3859785.80324,0
1646586000000,103.57,103.78,102.84,103.45,71722.624,1646589599999,7407799.60284,14457,36238.161,3743057.31689,0
1646589600000,103.44,103.99,102.92,103.31,48582.270,1646593199999,5024807.64938,12413,24542.531,2538564.61136,0
1646593200000,103.31,103.88,102.60,102.97,41199.133,1646596799999,4252445.00438,12299,22325.515,2304425.66799,0
1646596800000,102.97,103.55,102.80,103.46,41565.942,1646600399999,4290651.57174,10771,22081.457,2279526.41907,0
1646600400000,103.48,104.41,103.15,104.02,88682.661,1646603999999,9204897.61846,16128,34165.075,3550196.93416,0
1646604000000,104.02,104.43,103.30,103.38,40464.436,1646607599999,4206679.32045,12058,19172.003,1994077.75649,0
1646607600000,103.39,103.63,100.53,101.02,138425.221,1646611199999,14075557.18420,29192,70893.992,7209180.06765,0
1646611200000,101.02,101.22,99.33,100.49,125238.345,1646614799999,12568369.49648,28186,63440.592,6366550.48293,0
1646614800000,100.51,101.14,100.26,100.31,47446.286,1646618399999,4778874.69656,11868,19117.044,1924941.25399,0
1646618400000,100.31,100.49,98.06,98.63,148802.671,1646621999999,14756602.08530,28125,64956.910,6441782.78004,0
1646622000000,98.61,99.23,98.25,98.80,92571.250,1646625599999,9139853.57192,21414,41175.012,4065988.35337,0
1646625600000,98.81,99.40,98.58,99.14,47180.237,1646629199999,4672085.43335,13542,21469.508,2126459.00209,0
1646629200000,99.12,99.77,98.90,99.36,49010.067,1646632799999,4871875.73584,14775,19988.187,1987238.33876,0
1646632800000,99.37,100.05,99.30,99.95,57534.389,1646636399999,5733714.14212,14695,29515.334,2942166.48131,0
1646636400000,99.96,100.09,98.75,99.10,59843.915,1646639999999,5953279.89307,14511,25015.318,2488819.01200,0
1646640000000,99.16,99.77,98.35,99.71,84692.321,1646643599999,8388314.26570,17651,38569.463,3821377.31276,0
1646643600000,99.71,100.19,99.51,99.61,49557.515,1646647199999,4945602.66960,12561,22803.342,2275943.29449,0
1646647200000,99.62,100.02,99.22,99.45,45633.010,1646650799999,4550040.16665,10749,20051.317,1999476.30263,0
1646650800000,99.46,100.26,99.31,100.11,39979.474,1646654399999,3992418.82273,9783,19403.160,1938036.42431,0
1646654400000,100.11,101.80,100.08,101.32,106447.619,1646657999999,10767190.33915,24534,52505.117,5309456.87141,0
1646658000000,101.32,103.05,101.12,102.85,91153.429,1646661599999,9326769.53216,20794,44891.268,4595243.47576,0
1646661600000,102.86,103.84,102.44,102.45,104379.327,1646665199999,10767076.90824,23887,50114.689,5170202.37878,0
1646665200000,102.45,103.27,102.12,103.11,86025.187,1646668799999,8836158.72725,18838,42871.989,4404539.89441,0
1646668800000,103.10,103.78,102.28,102.34,88528.776,1646672399999,9117391.62961,20142,41814.702,4305896.33973,0
1646672400000,102.34,102.49,101.37,101.43,80858.367,1646675999999,8241525.89128,16571,45885.510,4678694.17391,0
1646676000000,101.39,101.39,99.22,99.74,139786.339,1646679599999,13986032.81479,27123,72206.182,7221971.24280,0
1646679600000,99.72,99.92,96.60,97.04,176276.401,1646683199999,17287724.42564,36330,84437.509,8280679.02255,0
1646683200000,97.02,97.95,96.11,97.15,134242.936,1646686799999,13020300.02759,26850,72083.509,6992815.16835,0
1646686800000,97.14,98.54,96.75,97.99,95575.259,1646690399999,9348402.73899,20657,52437.859,5129010.70099,0
1646690400000,98.02,99.07,97.87,98.49,55316.489,1646693999999,5449390.13855,15238,22228.670,2190288.36813,0
1646694000000,98.50,99.62,98.20,98.25,68943.736,1646697599999,6804798.58050,16894,28805.874,2844860.28185,0
1646697600000,98.24,99.32,97.65,99.05,76920.152,1646701199999,7591378.80794,18303,35762.997,3529828.88266,0
1646701200000,99.07,100.41,98.63,99.65,83596.584,1646704799999,8348963.67479,18691,42123.963,4209669.81219,0
1646704800000,99.66,101.10,99.29,100.45,84580.278,1646708399999,8482825.42368,17029,38991.150,3910042.95860,0
1646708400000,100.45,100.69,99.92,100.31,45976.507,1646711999999,4614228.17710,10272,20864.960,2094182.80976,0
1646712000000,100.31,100.74,99.47,99.71,50399.780,1646715599999,5043948.16314,13190,24509.818,2452439.53925,0
1646715600000,99.72,100.01,99.18,99.72,71730.967,1646719199999,7142501.18073,17287,40225.266,4005967.09934,0
1646719200000,99.71,100.12,98.74,99.07,90168.400,1646722799999,8944453.31346,15923,47275.582,4689269.56289,0
1646722800000,99.07,100.09,98.85,99.64,54673.933,1646726399999,5440299.33835,12940,26423.925,2629111.47918,0
1646726400000,99.68,101.65,99.56,100.67,95962.728,1646729999999,9655307.45437,21848,48505.806,4877407.06880,0
1646730000000,100.68,101.35,100.42,101.04,43767.636,1646733599999,4413268.69366,13237,21270.068,2144874.59308,0
1646733600000,101.04,101.46,100.05,101.07,66893.211,1646737199999,6733010.16588,17601,33786.302,3400376.65862,0
1646737200000,101.06,101.27,100.13,100.89,54023.985,1646740799999,5444053.02510,14278,26850.095,2706470.26167,0
1646740800000,100.90,102.40,100.75,101.63,132428.395,1646744399999,13470870.44167,26638,72938.768,7419857.09649,0
1646744400000,101.63,102.25,100.93,101.68,65326.480,1646747999999,6636449.09085,17067,32864.677,3339674.27328,0
1646748000000,101.67,102.13,100.54,101.01,93398.295,1646751599999,9461296.52593,22608,46619.973,4722491.37053,0
1646751600000,100.97,101.27,99.40,100.10,99501.875,1646755199999,9970494.98375,20926,51574.106,5168033.10275,0
1646755200000,100.11,100.79,98.89,99.19,128081.922,1646758799999,12757743.07065,25806,60024.676,5979566.59786,0
1646758800000,99.20,100.95,99.10,100.89,120900.470,1646762399999,12106546.90923,24740,57535.888,5763172.68641,0
1646762400000,100.90,101.85,99.90,100.02,82789.919,1646765999999,8357399.17964,21076,38348.648,3870041.51235,0
1646766000000,100.02,100.32,99.43,100.11,59006.779,1646769599999,5892460.43031,16043,28160.864,2813111.44176,0
1646769600000,100.10,100.43,99.14,99.40,59848.906,1646773199999,5968505.84985,15788,30576.327,3049354.64370,0
1646773200000,99.40,99.56,99.05,99.22,36446.607,1646776799999,3618981.32120,9227,18040.067,1791341.87406,0
1646776800000,99.21,99.78,99.15,99.64,29824.838,1646780399999,2967959.88865,7071,12705.905,1264256.21750,0
1646780400000,99.65,100.74,99.48,100.61,47621.966,1646783999999,4771183.78680,11257,21459.496,2150630.39485,0
1646784000000,100.63,102.36,100.31,102.12,104083.544,1646787599999,10545281.28003,18937,58365.201,5917524.64588,0
1646787600000,102.12,102.90,102.04,102.72,74357.623,1646791199999,7618604.23094,16529,34916.425,3577590.79661,0
1646791200000,102.73,103.38,102.50,102.88,58311.242,1646794799999,6000024.69489,14034,26399.931,2717065.99111,0
1646794800000,102.89,105.88,102.69,105.31,192247.967,1646798399999,20073307.04921,39085,105294.012,10990831.82651,0
1646798400000,105.31,106.61,105.16,106.43,110187.189,1646801999999,11676260.03298,26172,56213.710,5955949.25450,0
1646802000000,106.42,106.55,105.76,106.12,76291.244,1646805599999,8097811.32593,16430,40012.844,4248005.19283,0
1646805600000,106.12,106.74,106.04,106.49,55338.963,1646809199999,5887219.43612,13636,27307.971,2904875.39929,0
1646809200000,106.48,106.90,106.16,106.31,46785.498,1646812799999,4981795.39049,14063,19734.830,2102007.15619,0
1646812800000,106.30,108.35,105.79,106.98,113607.322,1646816399999,12141439.42163,26054,63813.577,6820076.97463,0
1646816400000,106.97,107.15,106.61,106.84,45375.075,1646819999999,4851302.95698,14940,22205.655,2374469.29159,0
1646820000000,106.85,107.16,106.70,106.86,28420.512,1646823599999,3038012.56041,9840,13781.113,1473476.56134,0
1646823600000,106.87,107.20,106.43,106.93,42144.849,1646827199999,4504573.77953,13328,22898.664,2447614.84275,0
1646827200000,106.93,108.18,106.40,107.57,116984.863,1646830799999,12560851.17107,23626,51183.312,5494176.38725,0
1646830800000,107.57,108.80,107.33,108.02,119188.279,1646834399999,12888392.84395,27228,61208.627,6618147.31421,0
1646834400000,108.06,108.90,107.93,108.20,86906.094,1646837999999,9427237.56704,21311,45477.345,4933466.83766,0
1646838000000,108.19,108.80,107.81,108.55,67654.825,1646841599999,7329829.62208,17637,32789.200,3552925.69209,0
1646841600000,108.55,109.27,108.12,108.46,64784.705,1646845199999,7036845.30557,17869,30947.486,3362937.37557,0
1646845200000,108.48,108.96,108.10,108.35,81905.307,1646848799999,8889095.31221,13692,40445.279,4389549.50818,0
1646848800000,108.35,108.35,106.74,107.38,71915.491,1646852399999,7724362.34657,17195,37119.948,3986901.91108,0
1646852400000,107.38,107.62,106.50,107.03,51325.494,1646855999999,5497768.66224,13176,23716.497,2541865.58999,0
1646856000000,107.04,107.32,105.58,106.18,57014.337,1646859599999,6063910.69951,13357,24625.258,2619622.30085,0
1646859600000,106.17,106.94,106.02,106.62,39781.682,1646863199999,4234758.65883,10137,16500.592,1755926.28090,0
1646863200000,106.62,106.88,105.98,106.62,45439.985,1646866799999,4837558.24242,10513,18657.480,1986262.02243,0
1646866800000,106.61,107.18,106.30,106.83,62255.394,1646870399999,6646486.80949,11226,29671.798,3168317.34527,0
1646870400000,106.83,106.98,106.21,106.54,55942.958,1646873999999,5963690.05534,11743,27445.647,2926005.26299,0
1646874000000,106.51,106.97,104.24,104.65,100121.570,1646877599999,10558566.46775,20654,47943.384,5056448.03972,0
1646877600000,104.66,105.10,104.00,104.32,76919.492,1646881199999,8047374.65990,17076,35375.695,3701486.24240,0
1646881200000,104.31,104.94,104.00,104.34,39466.887,1646884799999,4125579.83184,10912,21144.334,2210280.12256,0
1646884800000,104.35,104.62,101.42,101.71,207279.256,1646888399999,21292344.74857,41451,106770.897,10972056.09029,0
1646888400000,101.71,101.90,100.41,101.14,110572.067,1646891999999,11196432.92032,24552,54406.915,5510044.24690,0
1646892000000,101.15,101.52,100.66,101.47,77437.339,1646895599999,7835291.43804,15875,38945.370,3942114.24573,0
1646895600000,101.45,101.57,101.01,101.28,45345.659,1646899199999,4593404.77435,10357,19088.288,1933925.13533,0
1646899200000,101.28,101.28,100.10,101.15,103175.478,1646902799999,10389479.84228,19619,42938.387,4324263.39194,0
1646902800000,101.15,101.45,100.68,101.21,60203.848,1646906399999,6090849.03332,13782,24344.895,2463337.89181,0
1646906400000,101.21,101.31,100.80,101.08,45854.332,1646909999999,4634811.83358,10286,19845.506,2006183.84703,0
1646910000000,101.08,102.13,100.82,101.48,84108.717,1646913599999,8535829.70315,13007,46365.281,4705952.96632,0
1646913600000,101.48,102.38,100.55,101.87,98817.009,1646917199999,10033070.95115,17147,52980.921,5382830.92345,0
1646917200000,101.86,103.41,99.40,100.94,222918.681,1646920799999,22623788.86090,40446,105032.315,10667312.37195,0
1646920800000,100.94,103.13,100.75,102.86,162036.152,1646924399999,16488438.88352,32755,90361.989,9193025.66060,0
1646924400000,102.87,103.30,101.65,102.45,107804.017,1646927999999,11053628.84115,28419,48152.975,4938079.84744,0
1646928000000,102.43,102.70,101.53,102.01,82652.527,1646931599999,8440286.72833,21525,36247.566,3701235.53417,0
1646931600000,102.01,102.67,101.67,102.22,55781.954,1646935199999,5702731.57256,16920,29982.375,3064796.76116,0
1646935200000,102.23,102.50,101.92,102.37,46183.508,1646938799999,4720119.01115,15476,22694.194,2319900.66098,0
1646938800000,102.37,102.96,102.15,102.80,40806.450,1646942399999,4185762.54648,13995,19252.320,1975454.69436,0
1646942400000,102.80,102.95,102.08,102.82,42994.295,1646945999999,4405796.80321,12248,18583.578,1905101.74113,0
1646946000000,102.79,102.93,102.30,102.48,25240.038,1646949599999,2588845.83363,11230,11153.006,1143937.02680,0
1646949600000,102.47,102.97,101.83,102.83,36931.805,1646953199999,3782978.59211,12239,20377.253,2087601.37388,0
1646953200000,102.83,103.03,102.21,102.46,38885.934,1646956799999,3992314.98749,12857,20500.605,2104661.54165,0
1646956800000,102.47,102.67,101.62,102.07,60294.708,1646960399999,6162904.78966,16728,31049.143,3174668.44911,0
1646960400000,102.07,102.14,100.64,101.11,75427.560,1646963999999,7633459.19878,16455,38020.159,3848536.54944,0
1646964000000,101.12,101.32,99.58,100.52,118645.344,1646967599999,11926396.13981,19916,58580.083,5889030.75371,0
1646967600000,100.52,101.22,100.10,101.05,46277.183,1646971199999,4657883.52722,10622,22475.514,2261914.73208,0
1646971200000,101.08,101.11,100.22,100.58,34280.527,1646974799999,3453073.23896,7971,14221.268,1432396.29132,0
1646974800000,100.57,101.86,100.39,101.73,52145.271,1646978399999,5277300.84170,9665,28822.027,2917594.56753,0
1646978400000,101.72,102.91,101.65,102.58,93719.006,1646981999999,9584598.64526,15020,44637.535,4565990.87168,0
1646982000000,102.60,103.90,102.50,103.32,102890.060,1646985599999,10629276.95597,20159,45303.393,4679614.70632,0
1646985600000,103.33,104.09,102.95,103.03,83021.636,1646989199999,8586676.40337,16879,41068.752,4248178.26800,0
1646989200000,103.04,103.67,102.80,103.16,45016.731,1646992799999,4649576.44232,11514,20726.144,2140965.38596,0
1646992800000,103.16,103.52,102.89,103.10,38276.471,1646996399999,3950161.89840,8974,17767.124,1833556.01639,0
1646996400000,103.10,106.70,102.19,105.83,278261.380,1646999999999,29138829.86649,47899,150394.621,15747850.24804,0
1647000000000,105.83,106.89,105.63,105.98,115915.349,1647003599999,12315451.81065,27788,56804.748,6035278.96014,0
1647003600000,105.94,106.04,104.63,104.85,115353.311,1647007199999,12138870.71733,27657,57558.080,6058108.15364,0
1647007200000,104.84,105.43,104.18,104.64,88111.511,1647010799999,9232865.74401,24337,44776.623,4693676.41668,0
1647010800000,104.64,104.64,103.25,103.67,114707.769,1647014399999,11904250.48083,26888,62312.253,6467712.65902,0
1647014400000,103.69,103.80,102.10,102.46,108643.362,1647017999999,11151565.69035,25855,55418.436,5688489.28510,0
1647018000000,102.44,103.05,102.23,102.93,61871.393,1647021599999,6352957.50897,15078,35040.553,3597681.29119,0
1647021600000,102.93,103.25,102.45,102.49,46104.680,1647025199999,4745047.51006,10528,16773.089,1726348.80851,0
1647025200000,102.50,103.24,102.30,102.97,37637.678,1647028799999,3871743.66929,10494,19368.538,1991730.34580,0
1647028800000,102.94,103.49,102.35,102.59,57712.889,1647032399999,5940686.77650,14817,24243.941,2496756.79090,0
1647032400000,102.60,104.81,102.59,104.38,87613.349,1647035999999,9110063.61663,26080,47065.897,4890797.39617,0
1647036000000,104.38,105.09,104.20,104.74,52234.986,1647039599999,5465734.28835,18306,24213.717,2533891.01812,0
1647039600000,104.74,105.50,104.38,104.39,66963.178,1647043199999,7033082.57210,18595,30018.026,3154161.91699,0
1647043200000,104.39,105.94,104.38,105.68,69031.697,1647046799999,7272684.99644,17982,35960.240,3786370.54802,0
1647046800000,105.69,107.42,105.66,107.07,110245.277,1647050399999,11759466.10599,20780,53241.506,5679969.19571,0
1647050400000,107.08,107.89,106.30,106.52,93386.949,1647053999999,10010296.34802,18687,40263.799,4315886.81835,0
1647054000000,106.52,107.07,106.03,106.28,54187.260,1647057599999,5779225.03943,11747,28138.045,3001854.92444,0
1647057600000,106.28,107.48,106.01,107.04,73008.741,1647061199999,7788533.24356,14735,30365.246,3239693.67656,0
1647061200000,107.05,107.19,106.72,107.05,38009.799,1647064799999,4066429.87985,10457,17631.383,1886814.35378,0
1647064800000,107.05,107.31,106.33,106.49,45187.041,1647068399999,4823978.59766,9864,22397.068,2391117.20328,0
1647068400000,106.49,106.88,106.17,106.70,39156.846,1647071999999,4170185.25674,9674,20392.090,2171818.78773,0
1647072000000,106.70,106.85,105.46,105.79,67449.112,1647075599999,7147620.92799,14824,30702.690,3255113.16329,0
1647075600000,105.80,106.29,105.63,105.84,36957.291,1647079199999,3917232.68215,10110,18470.512,1957901.27139,0
1647079200000,105.85,106.38,105.61,106.02,40717.664,1647082799999,4315882.69017,10197,21850.630,2316328.90373,0
1647082800000,106.02,106.04,104.91,105.25,54283.779,1647086399999,5722007.64342,11613,23593.665,2487066.99525,0
1647086400000,105.26,105.86,105.13,105.72,37710.317,1647089999999,3977705.63224,9602,21819.648,2301542.16210,0
1647090000000,105.73,105.88,105.17,105.42,36786.123,1647093599999,3880651.67736,8416,17891.118,1886850.15264,0
1647093600000,105.42,105.66,104.48,105.09,64408.884,1647097199999,6771453.24271,15155,34200.213,3596428.92166,0
1647097200000,105.09,105.85,104.99,105.30,51217.269,1647100799999,5399895.09481,12055,21811.138,2299718.33388,0
1647100800000,105.32,105.42,104.80,105.13,60299.220,1647104399999,6334941.67380,10020,32900.599,3456202.57281,0
1647104400000,105.12,106.19,105.12,105.61,72515.924,1647107999999,7663364.44161,15848,34432.468,3638460.24597,0
1647108000000,105.62,106.19,105.44,105.98,42867.049,1647111599999,4536372.84434,12071,20614.654,2181701.23565,0
1647111600000,105.97,105.97,105.33,105.41,33329.540,1647115199999,3519384.25747,10182,13649.039,1441153.20746,0
1647115200000,105.40,105.96,105.24,105.79,26862.737,1647118799999,2837726.81257,8430,12633.039,1334527.98689,0
1647118800000,105.80,106.08,105.60,105.75,28439.322,1647122399999,3011056.68756,8112,12581.594,1332237.92173,0
1647122400000,105.76,106.29,105.53,106.09,25391.842,1647125999999,2688581.71781,8722,12547.110,1328589.29317,0
1647126000000,106.09,106.65,105.29,105.47,51753.474,1647129599999,5484747.22630,13437,23093.934,2448430.61610,0
1647129600000,105.47,106.54,105.09,106.40,68949.558,1647133199999,7287597.24008,13915,34507.154,3649177.16484,0
1647133200000,106.40,107.36,106.29,106.77,67819.561,1647136799999,7243670.84147,14622,35679.359,3812010.04710,0
1647136800000,106.77,107.29,106.71,106.94,39897.028,1647140399999,4272132.74800,12166,21900.150,2345155.02131,0
1647140400000,106.94,107.14,106.62,106.75,29398.381,1647143999999,3139496.05004,10128,14915.503,1593078.89517,0
1647144000000,106.74,106.92,105.90,106.00,39910.025,1647147599999,4243415.40506,11434,19930.083,2119167.45440,0
1647147600000,106.00,106.19,105.74,105.86,23202.985,1647151199999,2459697.74809,7819,13416.761,1422479.39433,0
1647151200000,105.88,106.02,105.55,105.93,27894.980,1647154799999,2951570.78825,8779,14767.945,1562880.15734,0
1647154800000,105.94,106.09,105.68,105.91,26058.882,1647158399999,2760251.55700,8628,12554.204,1329853.00905,0
1647158400000,105.91,106.17,105.77,106.01,38064.293,1647161999999,4032973.57583,11751,19271.846,2042144.12282,0
1647162000000,106.01,106.08,105.63,106.03,32002.372,1647165599999,3388228.89263,10821,14681.391,1554811.57132,0
1647165600000,106.03,106.17,105.70,105.97,30048.182,1647169199999,3183704.58591,9670,14631.489,1550410.48330,0
1647169200000,105.96,106.18,105.01,105.30,54738.814,1647172799999,5775928.75123,13726,23247.877,2453402.61957,0
1647172800000,105.30,105.34,103.49,103.69,143270.354,1647176399999,14929100.49154,25748,72316.118,7532781.84914,0
1647176400000,103.68,104.49,103.53,104.04,88032.808,1647179999999,9159057.05924,14447,42092.999,4379044.33898,0
1647180000000,104.04,104.59,103.92,104.42,48661.005,1647183599999,5076291.80861,9566,21620.426,2255703.53668,0
1647183600000,104.42,105.33,104.42,105.07,58810.203,1647187199999,6174506.68862,14401,26153.839,2746373.07533,0
1647187200000,105.07,105.32,104.78,104.95,38354.915,1647190799999,4029574.20739,12425,16083.598,1689885.49303,0
1647190800000,104.95,105.51,104.93,105.28,38435.112,1647194399999,4044796.32723,12673,19820.598,2085680.07534,0
1647194400000,105.32,105.76,105.15,105.62,23926.527,1647197999999,2523999.56602,9897,10538.660,1111931.59498,0
1647198000000,105.62,105.81,105.11,105.21,29272.418,1647201599999,3087380.44003,10432,13412.739,1414851.35137,0
1647201600000,105.21,105.21,103.60,104.19,82807.338,1647205199999,8638928.86862,18539,41010.884,4276127.68847,0
1647205200000,104.19,104.77,104.10,104.41,27062.147,1647208799999,2827039.04796,8885,13089.373,1367435.38926,0
1647208800000,104.41,104.89,100.86,102.02,141538.451,1647212399999,14534704.31152,33639,60628.405,6224498.24712,0
1647212400000,102.01,102.10,101.27,101.60,103070.677,1647215999999,10481236.06300,21624,50427.397,5128819.53820,0
1647216000000,101.59,101.87,100.75,101.50,80029.474,1647219599999,8106526.83258,17295,38006.361,3850623.36289,0
1647219600000,101.51,102.79,101.34,101.70,55666.801,1647223199999,5680610.97023,14849,25464.745,2598557.61353,0
1647223200000,101.71,101.80,101.36,101.46,33299.508,1647226799999,3382833.30233,8757,17857.317,1814596.31859,0
1647226800000,101.46,102.01,101.24,101.91,34242.570,1647230399999,3480336.53980,8726,17204.680,1748607.47360,0
1647230400000,101.90,104.64,101.84,103.38,151631.453,1647233999999,15717278.41329,27233,72220.187,7482363.02818,0
1647234000000,103.38,103.60,102.88,102.93,50967.958,1647237599999,5261089.84269,10072,25857.916,2669625.02544,0
1647237600000,102.94,103.57,102.84,103.17,34615.636,1647241199999,3571138.48428,10069,18388.752,1897019.35505,0
1647241200000,103.17,103.93,103.07,103.62,58958.586,1647244799999,6101744.75076,12976,29756.671,3080075.47207,0
1647244800000,103.63,105.20,103.49,104.97,141378.265,1647248399999,14770460.88027,20036,77396.019,8084642.26795,0
1647248400000,104.97,105.54,104.46,105.14,77962.555,1647251999999,8183796.18501,15495,39053.171,4100267.71421,0
1647252000000,105.14,105.25,104.82,105.18,42266.158,1647255599999,4439314.02334,9727,20919.583,2197364.53871,0
1647255600000,105.19,105.31,104.66,104.84,55030.752,1647259199999,5775796.86800,11791,26824.482,2815519.99118,0
1647259200000,104.84,105.04,104.29,104.78,62625.560,1647262799999,6554199.55840,13259,34242.254,3584208.25950,0
1647262800000,104.78,105.48,104.24,104.92,84999.627,1647266399999,8918086.77914,15440,48738.841,5114152.17984,0
1647266400000,104.90,105.48,104.37,105.11,81360.352,1647269999999,8538083.62606,14709,44904.876,4712317.76101,0
1647270000000,105.10,105.16,103.68,104.20,67927.099,1647273599999,7090530.32793,14521,32862.415,3430891.13932,0
1647273600000,104.19,104.53,103.71,103.75,39810.958,1647277199999,4147778.88923,9900,17916.041,1866722.03972,0
1647277200000,103.75,103.81,101.91,102.37,111262.385,1647280799999,11428158.00140,22333,53038.099,5447621.15189,0
1647280800000,102.37,102.48,101.61,101.94,82734.468,1647284399999,8438844.86946,15241,43488.728,4435860.65783,0
1647284400000,101.95,102.84,101.81,102.68,63045.370,1647287999999,6449863.40753,13903,32789.501,3354779.47257,0
1647288000000,102.70,103.14,102.45,102.54,48499.855,1647291599999,4985811.27820,11546,19405.573,1994798.82598,0
1647291600000,102.54,103.68,102.43,103.28,45190.445,1647295199999,4662391.65147,11565,23020.137,2374401.66402,0
1647295200000,103.28,106.33,103.21,104.88,141423.754,1647298799999,14818991.49663,27604,72542.988,7607556.10595,0
1647298800000,104.89,105.87,104.85,105.50,68342.036,1647302399999,7206935.49320,13892,30262.565,3191454.39365,0
1647302400000,105.50,106.37,104.73,106.34,106512.336,1647305999999,11242709.68875,17215,59271.997,6257587.35051,0
1647306000000,106.33,106.41,104.68,105.00,110429.119,1647309599999,11631009.29187,20377,52257.181,5501319.23830,0
1647309600000,105.00,105.96,104.90,105.52,60690.043,1647313199999,6403219.31058,15043,29510.117,3113308.07038,0
1647313200000,105.52,105.59,104.71,104.94,56072.567,1647316799999,5891460.33388,12893,29024.680,3049752.84694,0
1647316800000,104.93,104.97,104.44,104.80,41566.510,1647320399999,4351321.92368,10373,22022.535,2305887.57720,0
1647320400000,104.79,104.86,104.40,104.65,31334.173,1647323999999,3279213.28388,8371,17257.578,1806508.09906,0
1647324000000,104.65,105.31,104.52,104.80,42700.693,1647327599999,4484020.36555,9502,24990.394,2624844.26344,0
1647327600000,104.81,104.83,102.35,103.28,122038.549,1647331199999,12611031.55499,23880,50585.423,5227660.12057,0
1647331200000,103.29,103.40,102.68,102.74,46664.603,1647334799999,4808720.02153,11219,24873.758,2563525.40638,0
1647334800000,102.74,103.56,102.42,103.29,53392.652,1647338399999,5502147.08521,12510,27626.287,2846668.20798,0
1647338400000,103.29,103.81,103.21,103.67,33418.100,1647341999999,3458239.12166,8544,17159.640,1775990.82220,0
1647342000000,103.65,103.99,103.64,103.89,24939.920,1647345599999,2589126.95978,8935,12329.921,1280080.24038,0
1647345600000,103.89,104.69,103.77,104.44,63709.145,1647349199999,6640552.06856,11632,29332.508,3057263.87898,0
1647349200000,104.48,104.53,103.12,103.72,62803.853,1647352799999,6522061.81177,13667,27630.324,2868956.93377,0
1647352800000,103.70,104.70,103.45,104.37,74967.386,1647356399999,7808720.86313,15593,41439.657,4316601.23356,0
1647356400000,104.38,105.14,104.22,104.68,64077.905,1647359999999,6708160.82798,12840,31401.472,3286757.86630,0
1647360000000,104.69,107.16,104.42,106.85,218899.821,1647363599999,23230853.46793,33466,120871.124,12827085.29293,0
1647363600000,106.86,107.05,106.20,106.90,65413.691,1647367199999,6972948.96531,12607,32988.806,3517159.16074,0
1647367200000,106.90,107.60,106.65,107.39,60024.318,1647370799999,6421973.38084,12257,32849.395,3515643.08973,0
1647370800000,107.39,108.24,107.25,108.18,105469.614,1647374399999,11374235.09228,20228,53014.352,5717845.44086,0
1647374400000,108.17,108.59,107.21,107.41,113465.729,1647377999999,12238596.73651,18765,52409.784,5653608.10523,0
1647378000000,107.42,107.69,106.92,107.56,50048.438,1647381599999,5372927.14810,10862,27654.964,2969584.96148,0
1647381600000,107.56,108.00,106.65,106.89,57697.247,1647385199999,6186387.69139,11633,30959.822,3319994.69513,0
1647385200000,106.89,107.26,106.39,106.81,44232.870,1647388799999,4724961.48150,8910,23372.812,2497221.27889,0
1647388800000,106.81,107.31,106.40,106.72,57061.056,1647392399999,6100522.59310,10578,31523.490,3370570.15203,0
1647392400000,106.72,108.40,106.58,107.95,54018.146,1647395999999,5810401.62405,11389,30443.113,3274594.74412,0
1647396000000,107.94,112.25,107.87,109.50,279511.109,1647399599999,30838821.61060,56074,147705.487,16297144.82665,0
1647399600000,109.50,109.73,106.10,106.63,177822.674,1647403199999,19129049.19536,40244,94528.366,10166307.17686,0
1647403200000,106.63,106.77,105.69,105.98,64221.114,1647406799999,6820309.13199,14618,32259.678,3426737.73288,0
1647406800000,105.99,106.72,105.57,106.61,50701.670,1647410399999,5381185.24397,13560,24709.615,2623387.78014,0
1647410400000,106.62,107.32,106.47,107.24,52899.944,1647413999999,5659648.86574,13993,24037.559,2572036.00813,0
1647414000000,107.24,107.25,106.57,107.06,44679.341,1647417599999,4776219.97090,12570,16895.464,1806256.23518,0
1647417600000,107.06,108.40,106.94,107.79,96979.141,1647421199999,10435948.95183,21375,43369.066,4667261.99096,0
1647421200000,107.80,108.40,107.31,107.50,55591.453,1647424799999,5994076.82389,16086,24027.937,2592107.86420,0
1647424800000,107.51,107.83,107.17,107.30,39324.204,1647428399999,4226992.19417,14640,18149.072,1951286.62223,0
1647428400000,107.30,108.00,106.96,107.65,45503.395,1647431999999,4894284.61230,17243,21104.944,2270508.99322,0
1647432000000,107.65,107.86,107.13,107.48,47140.482,1647435599999,5066400.11138,18843,23178.602,2491369.91967,0
1647435600000,107.48,107.75,106.92,107.70,48797.535,1647439199999,5238023.28279,17572,20820.465,2235620.25460,0
1647439200000,107.70,109.25,107.14,108.82,125148.233,1647442799999,13577537.75063,31620,63507.261,6891388.34373,0
1647442800000,108.83,109.20,108.11,108.39,53063.283,1647446399999,5762576.78397,15732,25639.160,2783365.62778,0
1647446400000,108.39,109.00,107.55,108.36,78068.318,1647449999999,8444106.30553,19991,39886.850,4313767.36795,0
1647450000000,108.37,109.08,107.77,108.46,60305.361,1647453599999,6536720.07552,12167,29160.864,3161716.91872,0
1647453600000,108.46,108.87,105.96,107.61,218864.090,1647457199999,23473454.20869,44111,111903.800,12004746.09316,0
1647457200000,107.61,109.67,107.40,109.49,107973.222,1647460799999,11751620.14955,25532,54933.633,5979092.65307,0
1647460800000,109.49,110.51,108.50,109.83,122262.734,1647464399999,13416286.88592,26400,57750.509,6337526.64926,0
1647464400000,109.86,110.18,109.14,109.54,52422.659,1647467999999,5746408.49530,12715,26018.120,2851779.22464,0
1647468000000,109.55,111.28,109.52,110.36,91346.067,1647471599999,10084099.14496,21032,52628.049,5810656.17316,0
1647471600000,110.36,111.40,110.28,111.20,41527.224,1647475199999,4607608.61443,12391,20185.730,2239971.72452,0
1647475200000,111.19,111.58,110.46,110.87,49037.636,1647478799999,5439949.67371,12597,25837.871,2866538.98681,0
1647478800000,110.89,110.91,109.49,110.54,62007.387,1647482399999,6822749.12434,14155,28256.442,3108889.08438,0
1647482400000,110.53,110.75,109.82,110.31,31658.275,1647485999999,3487510.63331,8089,15830.892,1743793.48234,0
1647486000000,110.30,110.30,109.83,109.92,31739.133,1647489599999,3494051.76009,6849,15894.489,1750283.90994,0
1647489600000,109.93,110.69,109.56,110.64,48850.351,1647493199999,5376236.34451,10797,22317.657,2457821.52693,0
1647493200000,110.60,110.74,109.63,109.72,37857.769,1647496799999,4165972.82384,9627,14833.271,1632484.11437,0
1647496800000,109.72,109.87,108.79,109.27,45977.355,1647500399999,5029508.91842,10953,19036.062,2083650.59237,0
1647500400000,109.26,109.44,108.79,109.16,33622.260,1647503999999,3669203.04998,8766,16880.653,1842576.02106,0
1647504000000,109.16,109.50,109.00,109.29,30421.482,1647507599999,3323772.34724,9177,14936.894,1632181.32143,0
1647507600000,109.29,109.49,108.93,109.24,28600.248,1647511199999,3124379.56779,9866,14553.293,1589893.80522,0
1647511200000,109.26,109.50,108.50,109.39,43044.514,1647514799999,4691532.48886,13585,21682.543,2363469.62398,0
1647514800000,109.38,109.75,109.20,109.67,37167.805,1647518399999,4068042.98635,12499,19617.278,2147505.66944,0
1647518400000,109.67,110.91,109.58,110.32,92895.441,1647521999999,10244131.31022,20020,42337.654,4668945.37439,0
1647522000000,110.32,110.99,109.96,110.91,51629.592,1647525599999,5700117.94283,12552,22541.067,2490019.46852,0
1647525600000,110.91,111.14,109.88,110.05,66031.248,1647529199999,7300416.74147,13987,29162.869,3224167.54288,0
1647529200000,110.04,110.50,109.79,110.13,45329.340,1647532799999,4992803.06087,10730,23471.302,2585140.76185,0
1647532800000,110.15,110.98,109.99,110.39,77979.197,1647536399999,8620927.79335,14215,42211.063,4666334.30086,0
1647536400000,110.37,111.55,110.01,111.26,90582.830,1647539999999,10050816.17330,16415,49666.121,5510591.15997,0
1647540000000,111.25,111.32,110.58,110.70,42490.814,1647543599999,4711262.27375,9526,20918.490,2319434.15351,0
1647543600000,110.70,110.93,110.30,110.73,40615.192,1647547199999,4491894.88031,10966,18608.189,2058026.35081,0
1647547200000,110.72,110.79,110.14,110.36,27952.228,1647550799999,3085701.67577,9658,14865.037,1641317.77457,0
1647550800000,110.35,110.60,110.20,110.47,21275.618,1647554399999,2349331.54942,7629,11161.785,1232549.51080,0
1647554400000,110.47,110.58,110.05,110.37,26546.940,1647557999999,2927752.12053,9378,15722.897,1734000.13581,0
1647558000000,110.37,110.47,110.00,110.17,27210.105,1647561599999,2999274.59789,6918,14934.254,1646378.08637,0
1647561600000,110.17,110.28,107.66,108.04,97794.463,1647565199999,10675778.04373,20859,37253.199,4066792.86005,0
1647565200000,108.04,109.14,107.76,109.12,68430.444,1647568799999,7430383.69965,15999,40592.570,4406524.57581,0
1647568800000,109.10,109.16,108.60,108.83,27890.104,1647572399999,3035837.49084,10348,13039.189,1419365.95565,0
1647572400000,108.82,108.96,108.15,108.58,30832.698,1647575999999,3345828.01998,9145,16396.723,1779416.79426,0
1647576000000,108.58,108.96,108.42,108.83,20932.529,1647579599999,2276190.94322,7407,10255.278,1115106.45028,0
1647579600000,108.82,109.53,108.80,109.39,43243.164,1647583199999,4725322.35180,11048,24146.007,2638494.01190,0
1647583200000,109.39,109.60,109.24,109.38,28022.660,1647586799999,3066930.42181,9594,13415.737,1468467.72927,0
1647586800000,109.38,109.56,109.06,109.22,30245.832,1647590399999,3304929.94946,10534,15418.622,1685049.76795,0
1647590400000,109.22,109.92,108.96,109.36,50132.316,1647593999999,5489857.80681,14165,25203.689,2759886.17626,0
1647594000000,109.36,109.49,109.09,109.29,28199.080,1647597599999,3082570.37614,10360,13824.315,1511157.67130,0
1647597600000,109.29,109.64,108.90,109.05,35737.836,1647601199999,3907509.31265,11065,14646.290,1601416.69480,0
1647601200000,109.00,109.24,108.45,108.91,40943.609,1647604799999,4458421.94253,12831,20119.665,2191357.00553,0
1647604800000,108.93,109.54,108.71,109.21,45636.702,1647608399999,4981612.64902,13091,23172.063,2529668.60660,0
1647608400000,109.21,109.72,108.89,109.66,46314.653,1647611999999,5061974.14208,11537,24175.697,2642344.83329,0
1647612000000,109.66,110.63,109.61,110.34,73859.435,1647615599999,8134374.99582,17628,37328.862,4112105.88135,0
1647615600000,110.35,111.10,110.21,110.85,76463.986,1647619199999,8459603.13274,17284,40201.499,4448702.28518,0
1647619200000,110.85,111.53,110.69,111.21,62481.015,1647622799999,6942016.55130,16550,27901.568,3100362.29531,0
1647622800000,111.21,111.85,111.18,111.55,60490.023,1647626399999,6746153.16144,14506,29604.698,3302264.63758,0
1647626400000,111.55,111.84,111.13,111.39,41013.695,1647629999999,4570679.22119,11619,20971.431,2337383.91424,0
1647630000000,111.39,112.48,111.36,112.34,59503.248,1647633599999,6655405.07674,16945,30922.039,3459915.15747,0
1647633600000,112.34,112.94,111.87,111.91,68311.912,1647637199999,7670510.85667,19464,35089.286,3940251.26935,0
1647637200000,111.92,112.31,111.59,112.19,33464.765,1647640799999,3748175.08783,11283,15736.164,1762702.59173,0
1647640800000,112.19,112.43,111.45,111.47,52676.162,1647644399999,5899054.95383,14196,20669.397,2314828.98967,0
1647644400000,111.48,112.34,111.48,111.87,40076.015,1647647999999,4487558.69954,11210,19248.750,2155063.65282,0
1647648000000,111.87,112.90,111.75,112.47,55086.738,1647651599999,6192883.23717,12738,27410.736,3080095.81509,0
1647651600000,112.47,112.56,111.82,112.41,36559.680,1647655199999,4102605.85911,10211,20235.156,2270472.18722,0
1647655200000,112.39,112.63,112.06,112.40,28640.455,1647658799999,3219233.62259,9856,12623.297,1418877.12428,0
1647658800000,112.40,112.56,111.30,112.19,38963.793,1647662399999,4363491.85843,10062,16632.049,1862577.64659,0
1647662400000,112.18,112.44,111.96,112.09,27311.666,1647665999999,3063707.94489,8486,10098.748,1132833.92451,0
1647666000000,112.09,112.41,111.80,112.27,28664.348,1647669599999,3214279.32142,7111,15785.306,1770481.09229,0
1647669600000,112.28,112.57,111.94,112.54,23028.069,1647673199999,2585279.82157,6759,12337.884,1385395.49951,0
1647673200000,112.55,113.23,112.19,112.79,60328.538,1647676799999,6804545.13107,15285,31459.849,3549510.44080,0
1647676800000,112.80,112.92,112.35,112.65,31311.668,1647680399999,3526623.38655,8965,14703.425,1656386.02132,0
1647680400000,112.64,112.94,112.49,112.64,32120.189,1647683999999,3620293.88439,8824,13476.877,1519024.82393,0
1647684000000,112.63,112.79,112.30,112.32,36696.479,1647687599999,4128274.72012,7919,14993.173,1686942.93885,0
1647687600000,112.33,112.63,111.69,112.42,47344.044,1647691199999,5313041.54043,10572,21290.205,2390007.69495,0
1647691200000,112.42,113.11,112.24,112.99,55026.152,1647694799999,6204720.18098,12254,24274.500,2736934.16700,0
1647694800000,112.98,113.14,111.79,112.35,75905.237,1647698399999,8540110.04652,17281,36023.293,4053343.27219,0
1647698400000,112.34,113.17,111.83,113.17,71639.609,1647701999999,8065361.07512,15431,33552.094,3778819.35078,0
1647702000000,113.16,113.61,112.60,113.31,103026.261,1647705599999,11651708.64211,20049,45704.088,5170154.22131,0
1647705600000,113.32,114.52,112.82,114.17,101871.137,1647709199999,11585915.48153,21571,54476.303,6197437.83850,0
1647709200000,114.17,114.75,113.56,114.12,71694.799,1647712799999,8179716.12246,16526,35772.368,4082487.50788,0
1647712800000,114.12,114.12,113.29,113.91,49786.354,1647716399999,5660131.44495,10970,23590.404,2681876.05738,0
1647716400000,113.91,113.96,113.19,113.56,31599.871,1647719999999,3586726.78982,8526,16026.410,1818547.70665,0
1647720000000,113.57,114.26,113.02,113.72,50752.067,1647723599999,5771243.23550,11117,26736.489,3040523.84149,0
1647723600000,113.72,114.35,113.57,113.57,32755.884,1647727199999,3733186.53666,8085,15374.314,1752592.05829,0
1647727200000,113.58,113.76,111.97,113.18,107361.424,1647730799999,12107929.17736,18550,52755.861,5950441.66763,0
1647730800000,113.18,117.20,112.95,116.61,242596.306,1647734399999,27931093.26417,39043,134760.603,15514220.28391,0
1647734400000,116.62,118.43,115.53,117.23,237948.675,1647737999999,27859215.29625,44273,121658.129,14251054.96315,0
1647738000000,117.23,117.59,115.25,116.20,117825.968,1647741599999,13692432.71022,24872,54969.149,6388699.34409,0
1647741600000,116.20,116.43,115.42,116.23,58275.897,1647745199999,6756981.80516,16945,26481.975,3071114.76606,0
1647745200000,116.22,116.55,116.09,116.35,39125.270,1647748799999,4551758.15110,13735,16459.093,1915213.50540,0
1647748800000,116.36,116.52,115.55,115.79,29755.212,1647752399999,3451172.73901,12778,12860.016,1491726.87207,0
1647752400000,115.79,116.47,115.62,116.35,27031.775,1647755999999,3138479.92244,10972,14008.773,1626729.79664,0
1647756000000,116.35,116.60,115.71,115.71,46433.445,1647759599999,5390656.59044,12464,18651.429,2165484.65972,0
1647759600000,115.71,116.09,115.13,115.40,45941.402,1647763199999,5310636.68690,13029,20264.992,2342710.45552,0
1647763200000,115.41,115.43,114.80,114.86,44847.099,1647766799999,5158149.80210,14359,19292.646,2219224.83095,0
1647766800000,114.86,114.99,112.95,114.43,109398.678,1647770399999,12478143.23065,27753,51317.458,5855302.35487,0
1647770400000,114.43,115.20,113.99,114.47,55688.336,1647773999999,6383855.46845,16526,26137.927,2996392.47826,0
1647774000000,114.47,114.91,113.97,114.12,43186.541,1647777599999,4944603.27314,14107,19616.604,2246377.45384,0
1647777600000,114.13,114.37,112.12,112.98,110251.917,1647781199999,12449257.61065,26677,49899.359,5635532.47385,0
1647781200000,112.98,113.13,112.38,112.72,47160.568,1647784799999,5318967.46016,12666,22838.870,2576232.37133,0
1647784800000,112.71,113.62,112.40,112.84,73611.070,1647788399999,8315292.18036,15345,35278.698,3984428.57217,0
1647788400000,112.83,113.10,112.07,112.30,58267.122,1647791999999,6558745.44339,12263,26712.009,3006910.79331,0
1647792000000,112.29,113.03,111.18,112.53,117724.781,1647795599999,13208899.51324,24436,58953.520,6618437.21838,0
1647795600000,112.52,113.57,111.64,112.08,89165.398,1647799199999,10045570.83268,20761,44635.031,5029162.12584,0
1647799200000,112.09,112.89,111.78,112.81,57469.997,1647802799999,6464017.13526,12931,26595.574,2990056.88505,0
1647802800000,112.82,115.36,112.62,115.26,87571.622,1647806399999,9993997.55854,18481,48511.660,5533009.38372,0
1647806400000,115.26,116.45,114.51,114.76,117914.650,1647809999999,13640957.07573,27306,50780.235,5874339.31831,0
1647810000000,114.76,115.60,114.21,114.55,100455.291,1647813599999,11545332.04385,20229,50383.242,5791532.93412,0
1647813600000,114.55,115.94,114.03,115.93,82445.708,1647817199999,9473003.34976,19878,46249.797,5311318.09050,0
1647817200000,115.94,115.97,114.40,114.78,55684.618,1647820799999,6405363.78968,15037,29675.418,3411550.61806,0
1647820800000,114.79,116.52,114.38,116.32,89386.532,1647824399999,10311576.94891,20527,50882.209,5870396.13343,0
1647824400000,116.32,116.50,114.98,115.25,55265.435,1647827999999,6398302.61212,15749,23303.163,2697119.78295,0
1647828000000,115.25,116.30,113.04,113.93,128511.517,1647831599999,14683239.60069,29245,64535.711,7374794.75850,0
1647831600000,113.94,114.53,113.66,114.13,37302.297,1647835199999,4255047.35276,12395,19238.942,2194951.51791,0
1647835200000,114.13,114.52,113.95,114.35,31448.269,1647838799999,3591270.11050,8008,14505.051,1656605.52216,0
1647838800000,114.34,115.11,114.19,115.06,30487.786,1647842399999,3493666.01550,8568,18688.251,2142337.15364,0
1647842400000,115.07,115.24,114.01,114.06,51071.022,1647845999999,5854233.84227,14920,21636.276,2479381.14270,0
1647846000000,114.06,115.04,113.83,114.94,44390.857,1647849599999,5084198.85618,15637,25370.441,2905411.83671,0
1647849600000,114.94,115.37,114.43,114.51,40025.033,1647853199999,4604856.09123,13924,16198.335,1863741.39692,0
1647853200000,114.51,114.91,113.87,114.81,53134.875,1647856799999,6079860.24209,17342,24469.413,2798692.76739,0
1647856800000,114.82,115.40,114.76,114.90,51031.629,1647860399999,5869926.18165,14535,21804.203,2508174.66792,0
1647860400000,114.90,115.55,114.61,114.83,40879.640,1647863999999,4707329.96737,12894,21056.498,2425275.64905,0
1647864000000,114.83,115.15,113.58,114.85,82741.086,1647867599999,9469417.65411,18740,38261.317,4379495.33935,0
1647867600000,114.86,116.29,114.67,114.69,95111.812,1647871199999,10979677.88697,21822,46611.736,5380787.31069,0
1647871200000,114.69,115.06,113.19,114.18,135398.493,1647874799999,15417958.05337,24768,65560.945,7465594.79449,0
1647874800000,114.18,115.14,113.73,115.13,65902.522,1647878399999,7540515.00065,18517,28772.577,3293282.10110,0
1647878400000,115.12,115.58,114.02,114.48,133741.604,1647881999999,15362775.94102,30921,61304.664,7042119.67618,0
1647882000000,114.48,116.15,114.34,115.87,75785.512,1647885599999,8730884.75315,23810,39139.537,4510173.46244,0
1647885600000,115.87,116.50,115.58,115.81,116727.048,1647889199999,13550057.28042,26964,56692.368,6583396.12497,0
1647889200000,115.80,116.69,115.45,116.61,56064.025,1647892799999,6505951.37313,17778,32662.135,3792130.59021,0
1647892800000,116.62,116.76,115.86,116.05,45180.543,1647896399999,5256284.41137,14209,20331.837,2365860.02866,0
1647896400000,116.05,116.39,115.58,116.27,50493.952,1647899999999,5860991.73047,11983,24195.803,2810375.75390,0
1647900000000,116.28,116.35,115.48,116.13,41587.849,1647903599999,4819168.52540,11233,22739.861,2635355.87111,0
1647903600000,116.11,116.26,115.26,116.00,35937.840,1647907199999,4164143.96425,9832,17923.844,2077393.26968,0
1647907200000,116.01,117.53,115.48,117.39,74644.880,1647910799999,8691253.75625,18500,40743.201,4745893.05753,0
1647910800000,117.39,117.52,116.71,117.41,47524.743,1647914399999,5567547.13731,12942,24224.858,2838699.42387,0
1647914400000,117.39,120.53,117.16,120.08,258295.433,1647917999999,30687235.79803,51255,140365.445,16678837.76415,0
1647918000000,120.08,121.23,119.16,119.35,166419.608,1647921599999,19989042.25326,32207,69722.487,8380035.03232,0
1647921600000,119.36,121.74,118.96,120.02,217808.577,1647925199999,26235796.09720,38971,107484.753,12943674.13878,0
1647925200000,120.03,120.87,120.03,120.32,79468.661,1647928799999,9570025.77420,16276,48270.454,5812286.61535,0
1647928800000,120.32,120.36,117.99,119.12,151065.013,1647932399999,17965181.79633,31106,76477.452,9093560.55017,0
1647932400000,119.12,119.57,118.87,119.24,62414.336,1647935999999,7441665.64205,12654,27007.606,3221557.03810,0
1647936000000,119.25,122.24,118.86,121.39,140994.410,1647939599999,17059712.87732,29424,69762.565,8438119.32101,0
1647939600000,121.40,122.19,121.27,121.71,71453.463,1647943199999,8690705.72791,17920,35452.712,4312442.23377,0
1647943200000,121.69,122.23,121.26,121.79,55088.566,1647946799999,6705045.49733,16698,25746.611,3134254.08479,0
1647946800000,121.79,123.64,121.75,122.27,128386.914,1647950399999,15719125.77489,30846,62956.713,7707106.09469,0
1647950400000,122.27,122.50,121.35,121.97,110017.258,1647953999999,13404571.21809,23504,56348.574,6867763.66766,0
1647954000000,121.98,122.53,121.16,121.72,77698.748,1647957599999,9467977.87371,18660,34902.761,4254197.22908,0
1647957600000,121.71,122.62,120.62,120.93,132265.869,1647961199999,16094200.25282,24650,57611.063,7015543.70405,0
1647961200000,120.94,121.24,120.48,120.54,74192.912,1647964799999,8967708.68232,15509,41778.877,5051729.66697,0
1647964800000,120.55,121.12,120.14,120.86,66819.349,1647968399999,8063993.98977,16586,32596.596,3935338.62744,0
1647968400000,120.86,123.25,120.72,123.15,152455.712,1647971999999,18643389.41728,25191,84036.257,10274343.00684,0
1647972000000,123.14,123.17,121.68,122.46,88063.913,1647975599999,10774332.22370,17756,43115.332,5274391.77531,0
1647975600000,122.46,122.90,120.90,120.93,70728.768,1647979199999,8631872.42397,14659,30670.358,3743602.33797,0
1647979200000,120.92,122.07,120.79,121.44,65724.361,1647982799999,7991033.32838,15636,32845.674,3993119.31423,0
1647982800000,121.44,122.42,121.31,122.13,45639.096,1647986399999,5566213.73339,10515,22514.920,2745367.28940,0
1647986400000,122.13,122.22,121.20,122.18,36121.087,1647989999999,4397053.34576,11023,18424.526,2242877.09744,0
1647990000000,122.18,123.41,121.92,122.69,114898.580,1647993599999,14098483.00338,21954,55230.765,6776184.54513,0
1647993600000,122.69,124.44,122.44,123.18,137082.768,1647997199999,16922060.06855,29817,67107.825,8285412.97260,0
1647997200000,123.19,123.20,120.45,121.80,172068.951,1648000799999,20886535.53131,33339,90282.068,10955783.50172,0
1648000800000,121.79,122.28,120.81,121.07,79059.409,1648004399999,9624203.81142,16736,32328.438,3933925.05739,0
1648004400000,121.06,121.48,119.69,119.82,104389.120,1648007999999,12582959.37887,20930,43764.413,5278277.23264,0
1648008000000,119.81,120.16,118.70,119.73,105702.319,1648011599999,12621960.50280,25378,52279.143,6243448.66651,0
1648011600000,119.74,120.42,119.10,120.18,58011.990,1648015199999,6949716.12945,16179,24474.060,2933423.20475,0
1648015200000,120.19,120.67,119.91,120.14,64805.781,1648018799999,7794355.18566,14972,24634.720,2963577.66948,0
1648018800000,120.13,120.46,119.64,120.08,52147.731,1648022399999,6260107.14708,12556,24664.905,2961093.25913,0
1648022400000,120.08,120.15,119.03,119.67,89356.148,1648025999999,10691320.83723,18088,41295.601,4941602.13195,0
1648026000000,119.66,119.89,118.51,118.91,61228.499,1648029599999,7289869.18726,14320,29220.716,3478416.61231,0
1648029600000,118.91,119.55,118.77,119.29,43936.547,1648033199999,5238878.52789,11538,20660.610,2463462.14663,0
1648033200000,119.29,119.38,118.61,119.32,40943.938,1648036799999,4874391.75875,12373,22099.352,2630815.74330,0
1648036800000,119.33,120.56,118.97,120.39,78563.801,1648040399999,9412502.43468,16457,36064.642,4320423.36879,0
1648040400000,120.40,120.57,119.43,119.94,71923.991,1648043999999,8627361.59514,14943,30802.059,3694780.37801,0
1648044000000,119.94,121.92,119.78,121.82,119823.919,1648047599999,14503192.49840,25291,59103.011,7151969.16134,0
1648047600000,121.81,122.44,121.46,122.02,103895.570,1648051199999,12679900.81826,24051,44541.797,5437351.36170,0
1648051200000,122.03,122.63,121.15,121.72,136952.366,1648054799999,16702115.62008,24935,64223.299,7834084.33448,0
1648054800000,121.72,121.77,119.58,120.46,100256.754,1648058399999,12110577.44424,22732,48578.062,5870995.65032,0
1648058400000,120.43,120.68,119.55,119.58,57643.661,1648061999999,6934530.69963,14375,26971.508,3245313.27262,0
1648062000000,119.58,121.18,119.44,120.91,60870.867,1648065599999,7333956.24411,14573,33775.244,4066341.27024,0
1648065600000,120.93,121.98,120.82,121.70,48106.191,1648069199999,5845046.98748,13428,25056.980,3043880.51068,0
1648069200000,121.70,121.78,121.11,121.37,29426.359,1648072799999,3573195.97410,10882,13853.038,1682139.44773,0
1648072800000,121.37,121.95,121.23,121.66,27556.942,1648076399999,3353508.97364,10733,12638.038,1538155.00719,0
1648076400000,121.66,122.56,121.40,122.37,46533.265,1648079999999,5680405.10916,14196,23672.413,2889849.59619,0
1648080000000,122.37,123.23,121.37,122.90,127998.476,1648083599999,15659441.76835,28026,58604.458,7174130.17536,0
1648083600000,122.91,123.08,120.70,121.31,100150.134,1648087199999,12196184.59047,21430,45220.168,5505389.61507,0
1648087200000,121.31,122.06,120.94,121.98,48960.413,1648090799999,5944139.01319,13501,22796.750,2767701.97375,0
1648090800000,121.98,122.05,120.38,120.65,63485.605,1648094399999,7695037.80542,15532,22977.770,2784603.82822,0
1648094400000,120.66,122.00,120.65,121.55,53770.981,1648097999999,6521345.41612,12940,27127.899,3290423.32871,0
1648098000000,121.55,122.26,121.05,122.24,42186.347,1648101599999,5130462.49740,12553,17522.730,2131244.74573,0
1648101600000,122.24,123.15,121.99,122.43,82733.242,1648105199999,10128454.30589,19967,37883.728,4639025.76063,0
1648105200000,122.44,122.57,121.75,122.47,43683.568,1648108799999,5338629.51189,11913,22074.449,2697951.24530,0
1648108800000,122.48,123.02,122.08,122.94,52188.231,1648112399999,6396183.21062,12556,28999.234,3554576.52274,0
1648112400000,122.94,123.42,122.04,122.42,103592.133,1648115999999,12716747.96999,20772,47231.375,5798974.13583,0
1648116000000,122.43,122.80,122.10,122.49,39394.362,1648119599999,4821649.55056,12418,20631.515,2524749.74845,0
1648119600000,122.49,122.70,121.64,122.01,47194.751,1648123199999,5764110.05668,11984,17510.407,2138447.14177,0
1648123200000,122.00,122.42,120.70,121.09,66719.748,1648126799999,8103452.08981,16097,29829.140,3623366.69453,0
1648126800000,121.08,121.61,119.94,121.37,100432.918,1648130399999,12146387.56099,22445,45559.531,5512698.74234,0
1648130400000,121.35,122.84,120.50,122.44,115083.182,1648133999999,14011080.55885,23738,54363.557,6616540.79077,0
1648134000000,122.43,124.80,122.03,124.55,234718.805,1648137599999,29005372.20319,47153,117616.666,14544148.48830,0
1648137600000,124.54,125.90,124.22,125.57,167958.661,1648141199999,21012039.67857,37667,89154.766,11156369.08437,0
1648141200000,125.57,126.22,124.32,124.40,115048.072,1648144799999,14424110.07280,25173,57766.271,7244445.25081,0
1648144800000,124.40,125.18,124.40,124.85,62390.113,1648148399999,7784099.03648,13380,33834.590,4221466.65244,0
1648148400000,124.85,126.09,124.58,125.61,73608.955,1648151999999,9227910.16682,16330,38278.457,4800331.31176,0
1648152000000,125.62,126.32,125.47,126.14,44702.750,1648155599999,5628200.12162,11758,23794.755,2995901.52976,0
1648155600000,126.14,127.40,126.05,127.25,90424.100,1648159199999,11465294.83825,23633,46501.304,5896844.36347,0
1648159200000,127.25,127.37,126.14,126.24,68344.654,1648162799999,8660844.12845,15474,32323.780,4095988.43207,0
1648162800000,126.24,127.68,126.06,126.45,83708.077,1648166399999,10609313.74783,17440,41390.972,5243889.80201,0
1648166400000,126.47,127.06,125.40,125.45,81103.927,1648169999999,10225650.62168,16952,43516.700,5487995.83318,0
1648170000000,125.44,126.85,125.26,125.83,76670.129,1648173599999,9659361.48243,18522,36236.109,4566235.07984,0
1648173600000,125.82,126.02,125.08,125.81,48236.925,1648177199999,6058133.11947,14382,26542.478,3333644.54352,0
1648177200000,125.81,126.98,125.62,126.39,57769.017,1648180799999,7303890.10257,12913,23970.099,3029717.65479,0
1648180800000,126.39,127.22,126.25,127.11,48780.227,1648184399999,6188995.28522,10617,26035.591,3302795.79239,0
1648184400000,127.12,127.17,126.65,126.73,42124.361,1648187999999,5346240.43765,10390,18316.700,2324604.91177,0
1648188000000,126.72,127.10,125.93,126.42,49422.969,1648191599999,6255869.12414,11694,22990.286,2909664.33114,0
1648191600000,126.42,126.70,125.28,125.43,57668.189,1648195199999,7258554.25112,13453,28434.300,3578274.83633,0
1648195200000,125.43,125.73,123.40,125.72,128749.857,1648198799999,16062305.82451,27414,64603.770,8065212.74205,0
1648198800000,125.71,126.07,125.17,125.78,53667.976,1648202399999,6744970.25587,13108,21983.157,2763018.48017,0
1648202400000,125.77,126.05,125.21,125.66,51064.265,1648205999999,6416402.78341,10735,22990.591,2889697.97555,0
1648206000000,125.65,126.83,125.33,126.64,80818.549,1648209599999,10186654.28172,17052,38818.906,4892898.93742,0
1648209600000,126.64,127.01,125.92,126.61,96941.969,1648213199999,12267898.61037,16741,45411.662,5747143.09230,0
1648213200000,126.60,126.97,126.02,126.66,97069.585,1648216799999,12281303.26151,16675,44010.233,5569630.49478,0
1648216800000,126.66,126.89,125.30,126.33,96036.309,1648220399999,12121750.84499,16688,44942.349,5675502.60984,0
1648220400000,126.33,126.37,123.84,124.40,165379.773,1648223999999,20625614.51320,29856,81182.970,10120277.67033,0
1648224000000,124.38,125.27,122.88,123.04,121180.778,1648227599999,15025465.34038,24881,55108.264,6835290.20313,0
1648227600000,123.03,123.52,121.46,122.72,126491.260,1648231199999,15479682.55887,30131,62798.394,7688342.85885,0
1648231200000,122.73,123.90,122.70,123.59,77695.168,1648234799999,9587771.74897,15948,37917.092,4678765.95862,0
1648234800000,123.59,123.68,122.50,123.50,41911.370,1648238399999,5156962.53199,11755,22016.472,2709174.91643,0
1648238400000,123.51,124.35,123.15,124.08,65230.729,1648241999999,8068205.58160,13400,32558.477,4027188.85655,0
1648242000000,124.12,124.69,123.72,124.38,30821.211,1648245599999,3825922.50914,9313,13997.202,1738338.36872,0
1648245600000,124.37,124.39,123.38,123.47,31970.677,1648249199999,3962640.91377,10101,14701.801,1822360.26174,0
1648249200000,123.47,124.21,123.33,123.85,31284.866,1648252799999,3873715.55548,9256,18509.354,2291789.13576,0
1648252800000,123.86,124.27,123.00,123.05,35921.807,1648256399999,4442193.83501,10119,13955.097,1725580.66636,0
1648256400000,123.05,124.34,122.70,123.87,45330.183,1648259999999,5599481.47503,11256,22640.363,2796813.62529,0
1648260000000,123.88,124.11,123.17,123.43,24192.139,1648263599999,2993609.08231,8214,11555.657,1429944.65176,0
1648263600000,123.43,124.28,123.30,124.21,24477.477,1648267199999,3030507.75068,9615,14120.065,1748355.15172,0
1648267200000,124.20,124.36,123.56,124.08,21223.384,1648270799999,2632623.55450,7735,8981.103,1114076.12823,0
1648270800000,124.09,124.48,123.60,124.47,25715.884,1648274399999,3192251.65292,8435,15486.878,1922780.15266,0
1648274400000,124.45,124.50,124.03,124.29,24710.485,1648277999999,3070975.39668,7531,12339.481,1533688.81191,0
1648278000000,124.30,125.02,124.16,124.81,29781.609,1648281599999,3712047.37429,10073,14002.750,1745855.96766,0
1648281600000,124.81,125.18,124.20,124.45,34880.094,1648285199999,4349669.65449,11373,15670.850,1954403.00181,0
1648285200000,124.45,124.98,124.31,124.51,28082.773,1648288799999,3500275.08492,13098,15338.880,1912064.26449,0
1648288800000,124.50,124.91,124.42,124.55,21311.095,1648292399999,2655430.29078,10523,10581.917,1318528.83218,0
1648292400000,124.55,124.99,124.24,124.27,25621.048,1648295999999,3192036.60012,9761,11733.351,1462136.51917,0
1648296000000,124.27,124.47,123.33,124.06,60967.145,1648299599999,7555108.55344,15392,29772.183,3689798.00391,0
1648299600000,124.05,124.23,122.87,123.02,60790.504,1648303199999,7495620.02464,13847,28317.090,3492168.44115,0
1648303200000,123.02,123.36,122.50,123.08,50254.681,1648306799999,6180895.71139,12241,23876.726,2937352.18382,0
1648306800000,123.08,123.63,122.56,122.65,55089.077,1648310399999,6786005.21027,13078,25996.817,3203390.63605,0
1648310400000,122.65,123.34,121.84,123.27,88793.908,1648313999999,10880937.36676,21775,39171.996,4802377.70834,0
1648314000000,123.29,123.36,122.83,122.98,34196.593,1648317599999,4209674.38456,12580,14140.289,1740671.31568,0
1648317600000,122.99,123.44,122.82,123.07,27263.262,1648321199999,3356197.91468,9861,13376.451,1646704.49051,0
1648321200000,123.08,123.98,122.75,123.83,41710.375,1648324799999,5141865.10399,9301,24187.533,2982455.39363,0
1648324800000,123.83,125.49,123.44,124.95,118245.287,1648328399999,14737260.21072,26869,56095.758,6990064.71561,0
1648328400000,124.95,125.24,124.20,125.21,46568.320,1648331999999,5802582.90927,12148,22664.118,2824457.98795,0
1648332000000,125.21,125.25,124.72,124.75,30703.427,1648335599999,3836660.23134,8797,13464.007,1682675.45563,0
1648335600000,124.76,125.05,124.47,124.72,30465.731,1648339199999,3802210.96299,9587,14747.050,1840377.65592,0
1648339200000,124.71,125.27,124.64,125.19,33959.656,1648342799999,4241415.29173,10225,16824.642,2101959.34708,0
1648342800000,125.19,125.45,124.64,125.24,37072.265,1648346399999,4634936.12526,8849,19364.495,2421770.18071,0
1648346400000,125.23,125.77,124.74,125.17,44742.654,1648349999999,5604397.56270,11574,20018.012,2507307.62849,0
1648350000000,125.18,126.49,125.05,126.41,56325.310,1648353599999,7077474.66120,14328,36460.157,4581504.06924,0
1648353600000,126.41,126.63,125.62,126.12,52934.411,1648357199999,6679183.94929,18090,23361.477,2948013.52743,0
1648357200000,126.12,126.20,125.70,125.79,21956.311,1648360799999,2765221.09329,11264,10762.530,1355577.93640,0
1648360800000,125.79,126.07,125.69,125.83,20222.596,1648364399999,2545060.85508,11105,10025.749,1261978.34413,0
1648364400000,125.83,126.00,125.44,125.60,26124.525,1648367999999,3284182.55698,10540,11041.349,1388457.23753,0
1648368000000,125.60,125.84,125.14,125.42,29840.330,1648371599999,3744979.75340,9759,12877.309,1616105.05098,0
1648371600000,125.42,126.24,125.42,125.57,41869.685,1648375199999,5271791.39083,13325,19274.773,2426794.89949,0
1648375200000,125.56,126.05,125.47,125.75,24377.446,1648378799999,3067180.71190,9729,11274.154,1418405.00957,0
1648378800000,125.75,125.78,124.68,124.72,51750.103,1648382399999,6478866.36475,14193,23702.996,2967423.86349,0
1648382400000,124.72,124.72,123.16,123.40,76195.700,1648385999999,9456982.07028,19060,29949.500,3719086.97938,0
1648386000000,123.37,124.81,123.15,124.77,61775.723,1648389599999,7666275.60913,14473,30156.144,3741282.23165,0
1648389600000,124.77,124.94,124.16,124.37,40779.242,1648393199999,5083788.74087,10477,17508.247,2182996.92473,0
1648393200000,124.36,125.99,124.18,125.77,75851.680,1648396799999,9504323.41676,18179,36480.481,4570298.81925,0
1648396800000,125.77,126.05,125.14,126.01,74000.568,1648400399999,9295977.29846,16395,31780.814,3992609.53774,0
1648400400000,126.01,126.07,124.33,124.92,72868.383,1648403999999,9102740.35931,15818,33628.480,4200641.87351,0
1648404000000,124.93,125.15,124.63,125.00,23910.944,1648407599999,2986350.90667,8252,11289.255,1410050.98367,0
1648407600000,125.00,125.10,124.11,124.48,41305.965,1648411199999,5139832.41296,10731,19671.437,2447517.38298,0
1648411200000,124.48,127.62,124.00,127.24,203843.732,1648414799999,25740101.29796,42668,100219.658,12658075.71492,0
1648414800000,127.24,128.95,126.80,128.63,149254.839,1648418399999,19093720.65147,37002,74045.298,9471254.74936,0
1648418400000,128.63,129.20,127.78,128.24,104430.700,1648421999999,13422275.33360,24866,51609.614,6633531.82137,0
1648422000000,128.23,129.78,128.23,129.56,74541.020,1648425599999,9614012.45112,21189,40246.842,5192693.97100,0
1648425600000,129.56,130.77,128.85,129.52,131799.556,1648429199999,17088088.14279,31381,67271.145,8725744.18314,0
1648429200000,129.52,130.12,129.16,129.75,58243.334,1648432799999,7553026.72591,16464,32967.116,4275669.32011,0
1648432800000,129.75,129.94,129.41,129.67,30371.325,1648436399999,3938372.75279,10689,14305.956,1855179.34944,0
1648436400000,129.67,130.74,129.35,130.10,55850.129,1648439999999,7267118.46709,15794,29111.269,3788353.21434,0
1648440000000,130.10,130.50,129.71,130.29,44095.403,1648443599999,5735065.67553,15025,22640.148,2944834.90385,0
1648443600000,130.29,132.41,130.12,132.03,148035.642,1648447199999,19445677.57325,36050,72063.930,9466330.64736,0
1648447200000,132.03,132.18,130.60,131.45,97686.609,1648450799999,12838677.97047,26667,44544.684,5855475.35112,0
1648450800000,131.45,131.78,131.28,131.42,40536.599,1648454399999,5331396.24079,13739,19361.203,2546631.81348,0
1648454400000,131.43,131.62,130.41,131.30,78009.846,1648457999999,10230526.67003,17883,38237.307,5014681.62604,0
1648458000000,131.30,131.84,131.17,131.45,34717.773,1648461599999,4563910.98724,12185,15603.814,2051371.88094,0
1648461600000,131.45,131.75,131.19,131.52,38970.179,1648465199999,5122680.59998,12634,18211.719,2394012.59499,0
1648465200000,131.52,131.88,131.15,131.40,43083.978,1648468799999,5665585.43773,14361,20980.977,2759115.11173,0
1648468800000,131.39,131.65,130.71,131.50,57585.875,1648472399999,7556474.83255,15554,27986.448,3673076.19934,0
1648472400000,131.49,132.51,131.22,132.37,86910.730,1648475999999,11471760.22507,23628,41474.870,5475087.30889,0
1648476000000,132.38,132.63,131.27,132.18,106293.648,1648479599999,14022008.27280,22629,54451.751,7184439.46688,0
1648479600000,132.17,132.63,131.23,131.31,109628.934,1648483199999,14463798.29813,22959,51462.127,6788972.89495,0
1648483200000,131.32,131.72,130.04,131.04,104366.982,1648486799999,13676509.22075,21486,45618.422,5978930.11025,0
1648486800000,131.04,131.82,130.52,131.32,80751.723,1648490399999,10594338.38786,16322,40715.582,5340989.88067,0
1648490400000,131.31,131.94,130.43,131.70,73646.943,1648493999999,9664143.54938,15104,32266.635,4234945.70746,0
1648494000000,131.69,131.72,130.20,130.91,65074.795,1648497599999,8531721.63896,14268,26146.301,3427358.24091,0
1648497600000,130.94,131.39,130.59,131.30,36501.980,1648501199999,4782907.75369,10527,17718.611,2322152.95624,0
1648501200000,131.30,131.73,128.34,129.85,113803.534,1648504799999,14786200.91724,26866,53366.434,6933457.92278,0
1648504800000,129.85,130.48,129.15,129.51,67907.631,1648508399999,8819179.77468,16452,32589.860,4233852.94941,0
1648508400000,129.52,130.02,126.51,127.42,153333.365,1648511999999,19663552.74465,30141,68652.167,8811767.57077,0
1648512000000,127.47,129.05,127.17,128.79,91634.761,1648515599999,11748731.33672,18671,45069.492,5779267.48541,0
1648515600000,128.73,130.68,128.40,130.27,81955.450,1648519199999,10621826.34047,16568,40801.478,5287864.66944,0
1648519200000,130.28,130.50,129.16,129.25,62422.938,1648522799999,8105559.40155,14417,26081.650,3386866.40691,0
1648522800000,129.25,129.43,128.71,128.88,35239.202,1648526399999,4548674.66582,10128,18217.561,2351653.21142,0
1648526400000,128.90,130.08,128.89,129.81,36903.885,1648529999999,4786479.73937,9219,16893.833,2190026.30880,0
1648530000000,129.81,130.05,129.59,130.00,24529.529,1648533599999,3185193.54398,8117,13063.191,1696258.12288,0
1648533600000,130.01,130.36,129.78,129.98,35236.348,1648537199999,4582617.93071,8603,17522.426,2278803.53536,0
1648537200000,129.98,130.17,129.26,129.27,35854.092,1648540799999,4653514.62668,9175,16701.619,2168386.95346,0
1648540800000,129.27,130.31,129.23,129.99,43781.511,1648544399999,5687850.48221,10297,22325.298,2899501.37729,0
1648544400000,129.99,130.60,129.48,130.22,53239.382,1648547999999,6926253.60745,13454,26986.379,3511209.13420,0
1648548000000,130.21,130.35,129.66,130.18,35431.742,1648551599999,4606269.81236,9824,17791.429,2313420.89775,0
1648551600000,130.19,131.62,130.05,131.51,68320.467,1648555199999,8930984.34172,17195,37307.766,4878761.74770,0
1648555200000,131.49,131.97,130.76,131.15,118036.519,1648558799999,15497804.77785,23469,54670.580,7177263.94016,0
1648558800000,131.15,131.81,129.27,129.78,130932.637,1648562399999,17106964.89194,28189,60061.978,7846963.06477,0
1648562400000,129.78,130.25,129.54,130.02,75177.926,1648565999999,9766245.09684,17290,36421.780,4732232.84511,0
1648566000000,130.01,130.48,127.73,128.35,122137.495,1648569599999,15765385.99264,26923,53563.549,6915069.48297,0
1648569600000,128.36,129.25,126.99,129.16,148593.304,1648573199999,19057563.54593,30604,71724.716,9200750.02380,0
1648573200000,129.12,129.17,127.31,128.73,72311.087,1648576799999,9274541.42496,15737,33953.159,4354290.02314,0
1648576800000,128.73,129.31,128.23,129.26,41215.486,1648580399999,5306819.93714,11376,19013.123,2448579.40195,0
1648580400000,129.28,130.15,129.12,129.37,55123.815,1648583999999,7149276.38855,14061,26139.458,3390323.73405,0
1648584000000,129.38,129.58,128.15,128.97,34183.957,1648587599999,4407912.93837,10009,16080.592,2074493.04456,0
1648587600000,128.96,129.79,128.53,128.92,41143.215,1648591199999,5311790.98640,11568,18473.336,2384755.04064,0
1648591200000,128.92,129.55,127.75,129.10,80402.848,1648594799999,10350030.33439,19253,38628.399,4971758.43916,0
1648594800000,129.11,130.38,128.96,130.00,53595.671,1648598399999,6958132.61190,13781,28169.600,3656016.34567,0
1648598400000,130.00,130.00,128.12,128.97,60643.927,1648601999999,7826279.05673,17046,26578.877,3430041.90934,0
1648602000000,128.97,129.15,125.34,126.76,138385.816,1648605599999,17569642.75619,30901,58161.862,7390802.78562,0
1648605600000,126.76,127.24,126.27,127.15,52871.046,1648609199999,6707185.08967,15425,28089.642,3562911.78920,0
1648609200000,127.16,128.15,127.05,128.00,41446.118,1648612799999,5292187.38887,11988,18894.212,2412729.40417,0
1648612800000,127.98,128.20,127.34,128.15,32109.472,1648616399999,4105894.14332,10206,17381.556,2223122.70569,0
1648616400000,128.15,129.00,128.03,128.98,36056.036,1648619999999,4636232.59613,12061,18062.254,2322498.33925,0
1648620000000,128.95,129.88,128.60,129.37,68457.431,1648623599999,8848916.36786,19348,33962.141,4388951.50139,0
1648623600000,129.37,130.55,129.13,130.14,78292.780,1648627199999,10176142.56520,19953,43115.221,5603969.42046,0
1648627200000,130.13,130.75,129.52,130.44,60160.380,1648630799999,7831269.06699,14922,29347.069,3821181.99476,0
1648630800000,130.44,130.88,129.84,130.80,78367.255,1648634399999,10217701.11919,18440,46721.823,6092835.23150,0
1648634400000,130.80,131.89,130.60,131.18,95634.871,1648637999999,12558224.39470,24896,47974.296,6299528.96954,0
1648638000000,131.18,131.48,130.12,131.02,65728.508,1648641599999,8609623.09221,17702,32652.555,4278061.06784,0
1648641600000,131.02,133.21,130.11,132.62,156184.098,1648645199999,20591302.09790,31365,82256.334,10847163.16024,0
1648645200000,132.64,133.35,130.00,131.14,174003.070,1648648799999,22889159.87321,38033,85955.975,11308563.15195,0
1648648800000,131.14,132.04,130.31,131.33,82599.148,1648652399999,10848850.61319,22528,42003.739,5516624.90621,0
1648652400000,131.33,131.97,130.40,131.74,74254.723,1648655999999,9746793.74977,18246,36494.793,4790593.31663,0
1648656000000,131.75,132.99,131.19,132.44,91646.614,1648659599999,12126827.38797,23552,41707.503,5518936.31784,0
1648659600000,132.45,133.83,132.31,133.61,100625.233,1648663199999,13383670.59558,24847,52236.435,6949086.48981,0
1648663200000,133.60,134.13,132.24,132.35,82907.341,1648666799999,11042468.74969,21309,39838.030,5306523.57395,0
1648666800000,132.36,132.96,131.04,131.95,95798.008,1648670399999,12636152.69087,21968,48831.562,6444180.18856,0
1648670400000,131.96,132.27,131.16,131.98,43441.870,1648673999999,5717197.67426,11832,19817.437,2608312.21423,0
1648674000000,131.97,132.01,130.41,131.11,49242.873,1648677599999,6464047.99419,14452,22713.869,2981163.32405,0
1648677600000,131.11,132.03,130.29,131.28,72261.104,1648681199999,9482972.75265,18762,33984.027,4459247.22034,0
1648681200000,131.28,131.70,130.69,131.07,36932.568,1648684799999,4846963.97968,12135,18555.743,2434760.38419,0
1648684800000,131.07,132.50,130.86,132.09,52701.108,1648688399999,6952368.69359,14541,24598.094,3244567.37585,0
1648688400000,132.09,132.87,131.92,132.68,34643.189,1648691999999,4588997.78580,10056,15711.801,2081124.16757,0
1648692000000,132.66,132.73,131.36,131.76,40387.905,1648695599999,5328189.34781,12651,16432.657,2167662.38510,0
1648695600000,131.79,132.11,131.31,131.44,36633.342,1648699199999,4823162.45628,10974,13995.360,1843394.59052,0
1648699200000,131.43,131.98,128.54,129.40,218124.570,1648702799999,28341796.77875,40592,92081.862,11953158.27323,0
1648702800000,129.40,130.35,129.08,130.25,87888.918,1648706399999,11406166.22147,21970,41830.301,5429547.69553,0
1648706400000,130.24,130.71,129.91,130.47,39188.177,1648709999999,5106360.62270,12922,17057.564,2222764.19197,0
1648710000000,130.47,130.54,128.14,129.61,129485.568,1648713599999,16729444.00915,25596,55583.418,7177739.96330,0
1648713600000,129.61,130.37,129.23,129.76,96764.219,1648717199999,12558891.57027,19616,45551.890,5912666.58948,0
1648717200000,129.76,130.02,129.25,129.59,62311.272,1648720799999,8074503.60691,14503,29208.324,3785553.19414,0
1648720800000,129.58,130.35,129.49,130.19,56894.718,1648724399999,7392335.97400,14495,27695.349,3598857.65697,0
1648724400000,130.18,130.24,129.39,129.89,55804.469,1648727999999,7248628.14269,14570,26072.132,3386867.59954,0
1648728000000,129.88,131.00,129.37,130.32,94133.394,1648731599999,12267986.63047,21387,45970.435,5992022.73427,0
1648731600000,130.32,130.85,126.12,126.59,299001.539,1648735199999,38337998.81957,55694,123914.542,15895971.17895,0
1648735200000,126.58,126.62,120.57,125.14,502283.995,1648738799999,62099123.67646,112446,234017.745,28934541.74558,0
1648738800000,125.13,126.11,123.41,124.01,146026.252,1648742399999,18210789.32151,37609,74637.304,9312470.80856,0
1648742400000,124.01,124.66,121.63,122.07,264411.290,1648745999999,32490215.85363,59239,128453.907,15792832.78653,0
1648746000000,122.08,123.70,121.88,123.25,97157.393,1648749599999,11948650.89656,26534,52790.847,6493665.51016,0
1648749600000,123.22,124.61,122.35,124.49,92471.451,1648753199999,11430204.58592,24210,48483.935,5993596.90865,0
1648753200000,124.48,125.32,124.18,124.22,113184.493,1648756799999,14113038.79769,23843,60412.955,7535341.16994,0
1648756800000,124.23,125.27,124.03,124.85,48863.688,1648760399999,6090063.52208,12680,22587.911,2814623.99795,0
1648760400000,124.85,125.36,124.26,124.36,40626.943,1648763999999,5073618.79317,12648,15229.333,1902442.04275,0
1648764000000,124.34,124.97,123.78,124.53,48454.059,1648767599999,6025764.41712,16919,24396.197,3034288.41687,0
1648767600000,124.52,124.60,122.19,123.87,95178.311,1648771199999,11753353.40826,24583,39814.355,4917557.65907,0
