1612137600000,44.345,44.352,43.418,43.739,104155.32,1612141199999,4561537.60468,12047,48189.11,2108235.19914,0
1612141200000,43.733,44.555,43.642,44.343,69503.96,1612144799999,3072236.19600,10748,37938.87,1676566.28255,0
1612144800000,44.347,44.634,44.231,44.357,51862.47,1612148399999,2303129.36775,8754,28078.52,1246945.33438,0
1612148400000,44.363,44.617,44.285,44.612,45302.96,1612151999999,2011840.36990,7549,25224.61,1120219.71024,0
1612152000000,44.607,44.975,44.545,44.915,58451.54,1612155599999,2617687.51878,11113,34005.42,1522804.81913,0
1612155600000,44.915,45.526,44.854,45.471,83835.82,1612159199999,3788426.30118,11950,47775.52,2159345.14872,0
1612159200000,45.472,45.888,45.000,45.380,186937.97,1612162799999,8505679.23328,19248,88702.45,4038308.94259,0
1612162800000,45.375,45.948,45.244,45.699,128887.83,1612166399999,5887486.05474,13342,70047.23,3198636.42534,0
1612166400000,45.702,46.000,45.533,45.981,99384.97,1612169999999,4549909.54555,15499,56940.39,2607462.49430,0
1612170000000,45.980,47.300,45.907,47.075,330571.19,1612173599999,15382217.78995,33268,172018.90,8008356.46324,0
1612173600000,47.086,47.553,46.814,47.215,218100.68,1612177199999,10280543.18394,23327,105989.91,4997025.26861,0
1612177200000,47.214,49.499,47.194,48.655,498802.31,1612180799999,24184942.69656,59619,256025.44,12406739.06816,0
1612180800000,48.634,49.321,47.661,48.131,333316.57,1612184399999,16163344.60267,28125,159272.71,7732607.42223,0
1612184400000,48.133,49.000,47.306,48.059,610587.91,1612187999999,29399666.59421,42476,284924.77,13733575.00974,0
1612188000000,48.045,48.943,47.200,48.929,300218.31,1612191599999,14456294.60061,26516,154550.25,7446985.29572,0
1612191600000,48.905,50.170,48.136,48.258,704920.58,1612195199999,34714877.72974,67451,345641.76,17036199.51830,0
1612195200000,48.279,48.939,48.198,48.636,217903.21,1612198799999,10578621.72549,30108,115506.46,5611014.51735,0
1612198800000,48.637,49.726,48.579,49.616,206279.84,1612202399999,10151442.80456,22646,117112.53,5762916.38572,0
1612202400000,49.615,49.730,48.837,49.145,153175.76,1612205999999,7566003.71764,16567,70637.30,3489933.86688,0
1612206000000,49.141,49.590,48.943,49.547,120427.61,1612209599999,5931663.56882,16819,65918.82,3247441.70810,0
1612209600000,49.539,49.594,48.764,48.914,102382.94,1612213199999,5039828.56323,11619,46831.83,2305562.99949,0
1612213200000,48.907,51.792,48.812,51.427,483473.55,1612216799999,24361698.49065,54481,278913.21,14051275.67133,0
1612216800000,51.428,52.578,50.883,51.958,381544.76,1612220399999,19746955.45649,43165,202395.42,10482296.59567,0
1612220400000,51.964,51.984,50.767,51.483,302754.84,1612223999999,15555197.25163,32994,129429.68,6648947.14040,0
1612224000000,51.461,51.778,50.632,50.825,252006.96,1612227599999,12906923.45536,26234,116676.68,5979130.26402,0
1612227600000,50.845,51.105,50.267,50.821,163552.88,1612231199999,8291447.62458,18318,80749.40,4095579.53345,0
1612231200000,50.806,50.990,50.337,50.434,118143.26,1612234799999,5988271.33100,14703,53371.95,2706106.91794,0
1612234800000,50.415,50.602,50.105,50.184,97908.77,1612238399999,4927177.87048,13938,41492.13,2089256.68485,0
1612238400000,50.196,50.834,50.060,50.707,104517.71,1612241999999,5278584.82397,14348,52366.81,2645974.84283,0
1612242000000,50.698,50.830,49.344,49.715,232710.15,1612245599999,11607445.52287,19873,96291.49,4799199.68017,0
1612245600000,49.719,50.862,49.315,50.777,301675.65,1612249199999,15095815.96252,27764,174181.66,8719962.79819,0
1612249200000,50.774,50.801,49.600,50.138,207098.20,1612252799999,10378830.95945,20914,100157.91,5020691.64126,0
1612252800000,50.132,50.938,50.037,50.645,179808.01,1612256399999,9104845.25461,21805,84005.10,4254117.32522,0
1612256400000,50.626,52.514,50.180,51.375,538941.98,1612259999999,27762670.38104,44784,273811.93,14099444.39199,0
1612260000000,51.359,52.333,51.092,52.033,303672.03,1612263599999,15711184.29014,27000,160685.68,8317048.67843,0
1612263600000,52.037,52.888,51.686,51.878,343037.19,1612267199999,17962126.03603,34771,163684.39,8578935.73132,0
1612267200000,51.885,52.336,51.591,51.702,163825.13,1612270799999,8511639.89631,15988,87681.31,4558437.29854,0
1612270800000,51.696,52.162,50.500,50.700,352474.99,1612274399999,18093389.14077,23910,142015.49,7295043.87615,0
1612274400000,50.700,51.159,49.754,50.913,260923.88,1612277999999,13175490.36059,21550,124733.74,6302796.94105,0
1612278000000,50.910,51.104,50.028,50.174,137901.23,1612281599999,6964073.28226,15692,67484.63,3409297.61380,0
1612281600000,50.195,50.325,49.701,50.222,158784.84,1612285199999,7950678.28737,18660,90389.51,4527652.84868,0
1612285200000,50.220,50.340,49.556,50.320,104395.93,1612288799999,5213733.49980,14392,51361.87,2565175.20077,0
1612288800000,50.316,50.530,49.869,50.429,88299.00,1612292399999,4436321.31452,10307,46576.81,2340192.34989,0
1612292400000,50.428,50.464,50.103,50.205,84149.54,1612295999999,4230561.72672,9271,43179.57,2171021.41971,0
1612296000000,50.205,50.218,49.735,49.994,91014.03,1612299599999,4547557.00095,12151,42884.66,2142753.85712,0
1612299600000,50.010,50.230,49.883,50.085,42611.15,1612303199999,2132736.67207,7177,26312.55,1317108.53345,0
1612303200000,50.085,51.354,50.076,51.177,148213.60,1612306799999,7521450.95133,18877,90241.65,4579536.10019,0
1612306800000,51.169,51.225,50.727,50.914,95599.43,1612310399999,4871968.23772,10768,41916.03,2136953.08918,0
1612310400000,50.906,51.464,50.733,51.313,115018.93,1612313999999,5890212.18331,13521,64206.66,3288213.37146,0
1612314000000,51.304,51.850,50.866,50.947,136720.01,1612317599999,7009654.73835,16374,69368.96,3557198.53241,0
1612317600000,50.945,51.451,50.888,51.313,89067.83,1612321199999,4565515.90280,9750,49071.96,2515191.97545,0
1612321200000,51.315,51.350,50.730,50.999,78428.41,1612324799999,3999273.99367,9913,32682.18,1666251.94658,0
1612324800000,50.998,51.080,50.496,50.769,90999.57,1612328399999,4613628.93162,9532,35408.70,1794794.66515,0
1612328400000,50.766,50.820,50.509,50.549,71679.70,1612331999999,3628897.11027,8382,34846.66,1764382.98348,0
1612332000000,50.550,50.986,50.498,50.860,63055.99,1612335599999,3195400.19529,8151,34657.48,1756822.22042,0
1612335600000,50.867,51.049,50.159,50.209,88807.02,1612339199999,4495488.46628,9624,27493.64,1392374.74620,0
1612339200000,50.207,50.366,49.751,50.365,130978.20,1612342799999,6556440.31557,13426,64758.46,3244426.81950,0
1612342800000,50.356,50.478,50.050,50.416,82014.52,1612346399999,4126109.31642,8984,38497.20,1937144.04314,0
1612346400000,50.411,51.173,50.368,51.053,97647.39,1612349999999,4965855.42175,13136,58018.64,2950530.91006,0
1612350000000,51.047,51.240,50.852,50.981,86296.13,1612353599999,4405245.60941,10034,41610.26,2124815.81540,0
1612353600000,50.981,51.007,50.310,50.672,105232.16,1612357199999,5324658.56770,11167,50545.18,2556873.15651,0
1612357200000,50.664,50.961,50.526,50.802,112246.39,1612360799999,5695172.10584,12392,60956.03,3092195.95378,0
1612360800000,50.804,51.010,50.550,50.903,58891.98,1612364399999,2992655.95454,9239,31277.96,1589604.30432,0
1612364400000,50.903,51.430,50.756,51.141,145548.71,1612367999999,7454636.16533,15612,77063.24,3948574.23539,0
1612368000000,51.143,51.350,50.700,51.029,101082.37,1612371599999,5158481.77571,11218,52376.59,2672879.29113,0
1612371600000,51.029,51.500,51.005,51.414,75443.70,1612375199999,3871248.31077,9975,37719.07,1935542.07454,0
1612375200000,51.416,51.600,51.250,51.481,77464.61,1612378799999,3984257.71029,9600,38087.53,1959545.01982,0
1612378800000,51.472,51.492,51.286,51.312,44606.82,1612382399999,2292085.48165,6325,20619.39,1059691.79034,0
1612382400000,51.310,51.428,50.918,51.298,64554.67,1612385999999,3305603.96937,8586,28256.05,1447274.61817,0
1612386000000,51.298,52.059,51.287,51.940,76041.96,1612389599999,3934103.45878,11797,42514.51,2199811.23544,0
1612389600000,51.934,52.273,51.702,52.192,81460.51,1612393199999,4238853.02688,11139,46004.81,2393740.36920,0
1612393200000,52.197,52.694,52.049,52.096,109490.03,1612396799999,5734542.46887,15187,51883.60,2718995.21274,0
1612396800000,52.095,53.632,52.089,53.367,160035.75,1612400399999,8466518.73165,24025,95210.72,5035543.33335,0
1612400400000,53.349,53.527,52.725,53.014,155293.28,1612403999999,8232205.80197,15498,72178.55,3826627.07370,0
1612404000000,53.016,53.238,52.270,52.751,85824.63,1612407599999,4522899.40455,11881,32869.21,1733232.38039,0
1612407600000,52.751,53.025,52.130,52.158,90558.73,1612411199999,4763582.34430,11667,39478.66,2078418.22060,0
1612411200000,52.161,53.083,52.153,53.012,74596.50,1612414799999,3927928.18519,9935,42148.68,2217821.06625,0
1612414800000,53.015,53.131,52.500,52.536,66126.46,1612418399999,3490022.59789,9149,32389.96,1709993.40608,0
1612418400000,52.533,52.985,52.483,52.831,71642.63,1612421999999,3776331.08799,8995,40466.16,2133403.31747,0
1612422000000,52.830,53.479,52.830,53.012,163072.40,1612425599999,8670126.43124,15246,83767.68,4454943.93369,0
1612425600000,53.016,53.300,52.143,52.193,249640.76,1612429199999,13173753.49935,21125,126405.88,6671542.57141,0
1612429200000,52.191,52.454,51.008,52.100,262294.78,1612432799999,13580220.23065,25878,131849.33,6833185.42603,0
1612432800000,52.102,53.162,52.101,53.098,121118.76,1612436399999,6371366.32988,16390,67875.30,3573214.02536,0
1612436400000,53.097,53.097,52.585,52.595,100313.54,1612439999999,5299640.11038,11845,51532.61,2722102.93828,0
1612440000000,52.586,54.175,52.410,54.051,214183.25,1612443599999,11451706.99901,22762,118757.42,6353293.43649,0
1612443600000,54.050,54.150,53.457,53.760,151223.09,1612447199999,8138641.06358,16129,75732.33,4077652.22657,0
1612447200000,53.769,54.500,53.187,53.527,230286.75,1612450799999,12415160.38210,23955,104357.44,5632416.50635,0
1612450800000,53.536,53.733,52.311,53.106,255753.97,1612454399999,13544833.52871,22495,133760.92,7086389.70947,0
1612454400000,53.106,54.061,52.903,54.028,126872.89,1612457999999,6796974.18144,14932,70496.83,3776822.48530,0
1612458000000,54.028,54.379,53.894,54.298,131057.64,1612461599999,7094587.08943,13454,65544.28,3548431.38742,0
1612461600000,54.297,55.163,53.970,54.768,187902.31,1612465199999,10266659.96301,24213,87195.00,4767075.91697,0
1612465200000,54.783,56.204,54.622,56.117,176566.97,1612468799999,9778676.97864,29367,111865.72,6199419.24527,0
1612468800000,56.119,56.300,55.367,55.946,141640.94,1612472399999,7900742.26792,17858,69378.59,3871027.79838,0
1612472400000,55.943,56.900,55.904,56.869,151637.12,1612475999999,8561860.71105,25743,79546.54,4491376.87669,0
1612476000000,56.880,56.948,54.882,56.006,206481.45,1612479599999,11533433.68376,23111,95397.57,5326708.65513,0
1612479600000,56.014,56.883,55.814,55.968,168539.31,1612483199999,9488977.88419,18676,78650.93,4430601.61505,0
1612483200000,55.960,57.500,55.925,57.258,206349.90,1612486799999,11711929.11550,27780,108113.57,6138420.36636,0
1612486800000,57.262,57.913,56.528,56.572,172890.22,1612490399999,9900230.59744,23571,76963.80,4410742.27133,0
1612490400000,56.570,57.100,56.528,56.879,83058.64,1612493999999,4722207.30697,12415,37811.99,2150091.95499,0
1612494000000,56.883,56.927,56.404,56.879,69709.23,1612497599999,3947614.93144,10971,28963.29,1640703.11902,0
1612497600000,56.868,57.008,56.594,56.705,49199.76,1612501199999,2793208.83670,8685,25504.72,1448188.44205,0
1612501200000,56.705,56.850,56.285,56.435,59661.65,1612504799999,3372943.68661,9455,25898.34,1464833.76880,0
1612504800000,56.438,57.890,56.435,57.787,131667.85,1612508399999,7535999.16060,18235,70405.33,4029325.41320,0
1612508400000,57.786,58.162,57.500,57.821,126352.05,1612511999999,7309948.85623,18025,57486.20,3326909.05525,0
1612512000000,57.815,58.123,57.001,58.115,139119.24,1612515599999,7996371.44689,15737,63485.95,3652892.87935,0
1612515600000,58.114,59.474,58.055,58.379,301719.04,1612519199999,17765381.64032,41129,148768.35,8760568.00529,0
1612519200000,58.377,59.448,58.362,58.863,144308.46,1612522799999,8498959.99740,18220,77103.32,4540850.16340,0
1612522800000,58.863,59.870,58.791,59.513,167765.48,1612526399999,9961597.62209,24939,83948.81,4983140.96703,0
1612526400000,59.511,60.187,59.000,59.166,244701.32,1612529999999,14563349.29063,23100,111139.70,6623123.93006,0
1612530000000,59.164,60.178,59.124,59.784,278710.06,1612533599999,16660132.37893,31384,143836.08,8598619.22685,0
1612533600000,59.784,60.094,59.387,59.880,130993.33,1612537199999,7817094.54944,15699,64664.84,3860425.13935,0
1612537200000,59.878,61.556,59.270,60.751,317958.64,1612540799999,19247103.55936,41818,159319.70,9653788.21426,0
1612540800000,60.765,61.368,59.268,60.059,252688.18,1612544399999,15317266.68332,27464,120286.11,7295730.96238,0
1612544400000,60.031,60.865,59.776,60.859,242387.91,1612547999999,14619672.17436,23781,127026.08,7665374.21494,0
1612548000000,60.867,61.992,60.539,60.932,299119.26,1612551599999,18324056.65250,34706,154103.10,9444487.16411,0
1612551600000,60.959,62.788,60.734,62.437,261006.32,1612555199999,16111979.75486,32958,148249.07,9150634.07392,0
1612555200000,62.437,64.580,62.103,63.406,600429.08,1612558799999,38167621.77406,62588,308925.97,19641321.76745,0
1612558800000,63.380,66.332,62.995,66.042,489954.82,1612562399999,31714697.68056,58532,256102.58,16583801.66209,0
1612562400000,66.042,68.515,64.944,66.694,561422.61,1612565999999,37577851.55951,60604,277357.52,18572199.50443,0
1612566000000,66.694,68.800,66.694,67.736,430218.89,1612569599999,29255707.80867,46605,212770.23,14470840.83158,0
1612569600000,67.690,67.772,64.220,65.956,716944.53,1612573199999,47243492.80145,57414,329469.08,21712378.91818,0
1612573200000,65.957,66.979,61.520,63.676,751061.21,1612576799999,48236166.32715,64622,342999.87,22025010.97696,0
1612576800000,63.698,66.087,63.482,65.014,568371.81,1612580399999,36808085.21100,48986,275519.89,17841742.27803,0
1612580400000,65.019,66.142,64.652,65.325,291824.54,1612583999999,19097033.12112,29988,141305.56,9249200.56685,0
1612584000000,65.340,65.968,64.457,65.059,161515.31,1612587599999,10548162.93865,18614,80750.84,5278304.68813,0
1612587600000,65.060,66.141,64.890,65.984,132909.58,1612591199999,8682174.77464,16026,59208.68,3867679.39560,0
1612591200000,65.984,69.922,65.787,69.444,473775.55,1612594799999,32170845.80902,50591,259336.83,17612783.46910,0
1612594800000,69.457,71.800,68.366,70.342,1039475.54,1612598399999,72835094.83395,86063,506827.70,35538039.43012,0
1612598400000,70.325,72.581,70.325,72.051,731164.45,1612601999999,52190547.87031,59345,368201.54,26296914.75528,0
1612602000000,72.034,75.187,71.310,74.038,1045910.57,1612605599999,76877423.25923,92723,543554.37,40000583.30898,0
1612605600000,74.011,75.538,72.300,72.991,954198.14,1612609199999,70658361.77050,79079,462472.67,34287940.07343,0
1612609200000,73.027,74.330,71.359,74.144,709328.13,1612612799999,51721828.86907,61071,347902.25,25396873.04841,0
1612612800000,74.150,74.787,73.442,73.478,499016.24,1612616399999,36975573.97431,45680,225888.09,16744900.68415,0
1612616400000,73.457,75.393,73.398,74.650,525971.50,1612619999999,39280050.68673,51301,266700.72,19923510.80307,0
1612620000000,74.649,74.682,72.500,73.299,527580.87,1612623599999,38845540.88218,50222,228279.26,16812891.09345,0
1612623600000,73.299,73.305,71.450,71.478,452314.40,1612627199999,32707240.66232,42845,194594.64,14077715.19632,0
1612627200000,71.478,74.322,71.455,73.347,560956.21,1612630799999,41076330.54516,51090,285300.60,20882155.47423,0
1612630800000,73.342,73.490,72.213,72.864,222586.67,1612634399999,16232337.55003,26238,96148.43,7014796.08407,0
1612634400000,72.868,72.990,70.408,71.153,497627.11,1612637999999,35664816.46214,43820,215398.35,15441398.99988,0
1612638000000,71.142,71.392,69.750,71.294,353397.44,1612641599999,24930697.08350,36856,173934.08,12278362.88260,0
1612641600000,71.297,71.390,69.180,70.416,270617.52,1612645199999,19034663.68256,30378,121973.73,8584622.26617,0
1612645200000,70.412,73.057,70.206,72.859,428519.57,1612648799999,30834620.19402,43557,242279.19,17429170.31902,0
1612648800000,72.871,73.200,72.281,73.041,208378.84,1612652399999,15157250.41370,23547,102046.10,7424053.60349,0
1612652400000,73.066,73.127,71.289,72.555,234722.14,1612655999999,16924412.46876,24941,117311.71,8457869.05610,0
1612656000000,72.548,74.500,72.150,73.461,402692.12,1612659599999,29570791.42130,44221,204315.14,15002328.67314,0
1612659600000,73.457,73.781,71.000,71.072,244840.09,1612663199999,17720391.06623,28624,107655.32,7802451.01262,0
1612663200000,71.079,71.450,68.131,71.255,496645.68,1612666799999,34728974.23625,48314,242317.05,16963875.60641,0
1612666800000,71.267,71.297,69.156,69.803,226629.56,1612670399999,15918219.60646,25997,97678.46,6860317.90630,0
1612670400000,69.797,70.573,67.650,68.682,308145.88,1612673999999,21306679.16530,34084,145157.39,10057814.22343,0
1612674000000,68.659,69.346,68.000,68.752,285894.70,1612677599999,19666729.34897,26710,144448.99,9941726.24288,0
1612677600000,68.744,69.802,68.091,69.263,248387.26,1612681199999,17151234.07633,25624,126710.88,8749446.96035,0
1612681200000,69.299,71.575,69.056,71.317,362829.12,1612684799999,25598040.42243,34465,192767.13,13605453.73315,0
1612684800000,71.316,71.350,69.343,69.513,262776.25,1612688399999,18498826.81258,26808,118254.15,8320730.76909,0
1612688400000,69.525,70.860,69.475,69.915,255987.00,1612691999999,17968375.44168,24610,134880.25,9468941.33966,0
1612692000000,69.902,71.208,69.870,70.375,188832.68,1612695599999,13320079.84699,22173,94053.44,6636023.71222,0
1612695600000,70.380,70.563,69.280,70.071,164372.54,1612699199999,11482542.18168,19495,77878.84,5443879.12529,0
1612699200000,70.085,70.500,69.351,70.336,169587.69,1612702799999,11871274.63150,19142,87518.61,6129852.76004,0
1612702800000,70.325,70.939,69.670,69.866,198319.49,1612706399999,13924473.90283,21787,96827.44,6801492.18917,0
1612706400000,69.861,69.864,68.178,68.220,254311.02,1612709999999,17545436.28447,27307,113248.53,7813071.40881,0
1612710000000,68.219,68.759,65.000,66.551,608966.86,1612713599999,40706829.86701,59486,283502.85,18962494.42786,0
1612713600000,66.551,67.080,64.034,66.615,619979.19,1612717199999,40713373.01434,53083,316574.66,20806275.54656,0
1612717200000,66.632,67.800,66.367,66.782,265169.70,1612720799999,17795753.20512,26842,123729.71,8306460.49552,0
1612720800000,66.789,67.866,66.342,67.448,180522.62,1612724399999,12104860.64784,21284,86477.93,5804198.98029,0
1612724400000,67.463,68.667,67.263,67.468,182832.13,1612727999999,12428889.02194,19700,81773.81,5563665.46566,0
1612728000000,67.487,67.800,66.729,67.351,217722.26,1612731599999,14630424.71827,19741,103515.32,6959860.64149,0
1612731600000,67.351,68.331,67.218,67.991,130836.37,1612735199999,8882478.89115,15337,59975.99,4070532.20916,0
1612735200000,67.979,68.008,66.544,67.690,138538.21,1612738799999,9321031.95555,17423,63275.64,4260262.33260,0
1612738800000,67.721,68.950,67.537,68.269,156755.26,1612742399999,10718178.48301,18079,69086.37,4724828.18107,0
1612742400000,68.259,69.964,67.932,68.520,303792.65,1612745999999,20965205.40232,28384,168680.97,11639032.02004,0
1612746000000,68.517,69.000,68.020,68.700,146956.78,1612749599999,10081098.26895,19153,65708.67,4508744.40900,0
1612749600000,68.710,69.469,67.400,68.111,245915.88,1612753199999,16817454.15209,26508,121084.74,8279323.76474,0
1612753200000,68.116,69.703,67.898,69.400,176827.32,1612756799999,12163077.18844,26796,100385.58,6907181.11855,0
1612756800000,69.364,73.931,69.206,71.967,667028.79,1612760399999,47963884.53220,64536,350490.16,25198921.54182,0
1612760400000,71.975,72.560,71.200,72.221,235886.31,1612763999999,16944460.81446,23918,116887.52,8397142.24945,0
1612764000000,72.206,72.361,71.469,71.894,185340.50,1612767599999,13326922.28000,19939,89021.63,6402985.47075,0
1612767600000,71.902,74.777,71.901,73.297,539894.89,1612771199999,39673530.30896,53321,267805.10,19680501.10032,0
1612771200000,73.275,73.276,70.652,71.135,362898.16,1612774799999,26149700.32471,34637,166004.46,11974224.30185,0
1612774800000,71.135,72.625,70.928,71.224,524135.36,1612778399999,37660491.08422,50184,267778.30,19247263.44098,0
1612778400000,71.225,73.000,71.220,72.915,417688.29,1612781999999,30154351.50980,52044,201886.81,14571635.87781,0
1612782000000,72.911,72.980,71.947,72.756,288425.35,1612785599999,20917986.20593,30802,132062.90,9580946.15125,0
1612785600000,72.759,73.255,71.690,72.684,334225.51,1612789199999,24252077.55695,34082,159122.62,11552268.63037,0
1612789200000,72.684,73.248,71.756,73.207,311190.16,1612792799999,22549267.45418,37080,143969.17,10437504.83155,0
1612792800000,73.204,76.101,72.856,75.609,681950.33,1612796399999,50972339.90461,72559,353807.05,26458594.08479,0
1612796400000,75.639,75.639,73.510,73.764,314282.66,1612799999999,23438359.11557,34469,128889.04,9615492.85139,0
1612800000000,73.776,74.679,73.358,74.195,242394.16,1612803599999,17965068.48566,27881,119967.40,8894665.55323,0
1612803600000,74.199,74.600,73.453,74.356,160697.33,1612807199999,11921590.51588,20300,77139.82,5724390.93618,0
1612807200000,74.357,74.770,73.804,74.648,189553.04,1612810799999,14110204.56272,20655,84665.66,6305503.76655,0
1612810800000,74.651,76.284,74.622,75.882,255349.24,1612814399999,19247282.55298,30552,125826.48,9486600.37426,0
1612814400000,75.868,77.727,75.390,76.350,438088.13,1612817999999,33631223.45886,48637,219859.91,16886233.67653,0
1612818000000,76.364,78.309,76.186,77.397,280400.15,1612821599999,21692327.91541,34199,134593.98,10413992.01965,0
1612821600000,77.396,79.158,77.060,79.004,254923.53,1612825199999,19959639.74505,33066,128924.43,10101133.76671,0
1612825200000,78.945,80.386,77.697,80.146,368949.29,1612828799999,29154639.98190,43080,189332.60,14979958.43945,0
1612828800000,80.146,82.685,79.273,81.914,676149.63,1612832399999,54925984.96054,67048,340890.66,27715933.84527,0
1612832400000,81.914,82.289,80.317,81.338,372870.22,1612835999999,30297433.17245,32086,174076.01,14152910.43061,0
1612836000000,81.330,81.402,78.785,79.293,298408.45,1612839599999,23799171.53128,28172,117760.73,9389049.79048,0
1612839600000,79.278,81.338,78.792,81.141,206557.84,1612843199999,16528228.01876,24337,111348.44,8912950.21664,0
1612843200000,81.140,83.917,81.054,83.773,326091.53,1612846799999,26945929.68237,43639,160075.53,13230603.87956,0
1612846800000,83.786,86.000,83.437,85.973,350081.91,1612850399999,29670800.70809,43644,175101.55,14850635.51551,0
1612850400000,85.996,96.000,84.770,94.000,1327757.25,1612853999999,121030941.47676,140905,690827.98,63016139.86056,0
1612854000000,94.000,97.352,91.149,92.950,1318522.43,1612857599999,124006719.64797,118350,622584.33,58635871.71673,0
1612857600000,92.988,94.996,91.527,94.174,538890.73,1612861199999,50302971.04766,56951,246434.63,23013889.08845,0
1612861200000,94.136,95.794,92.618,93.731,518548.44,1612864799999,48883483.84413,59081,244346.97,23049443.34158,0
1612864800000,93.724,94.337,91.341,91.512,450958.47,1612868399999,41914154.96906,43762,211757.47,19695582.54601,0
1612868400000,91.535,95.870,91.500,94.883,436083.25,1612871999999,41047169.26206,52610,213039.04,20051820.64525,0
1612872000000,94.874,95.730,92.215,92.539,452766.09,1612875599999,42515162.92779,44940,201999.67,18976330.90918,0
1612875600000,92.531,101.140,91.821,98.407,1458996.93,1612879199999,142600377.74937,145872,736332.42,72006733.30220,0
1612879200000,98.404,99.000,96.430,98.403,663715.86,1612882799999,64849514.23479,65202,310217.76,30320721.44197,0
1612882800000,98.350,106.291,98.074,105.204,1430778.38,1612886399999,147423126.08362,137049,743623.36,76643723.75252,0
1612886400000,105.141,116.592,104.000,113.221,2112585.28,1612889999999,233720571.24514,200612,1080130.24,119527741.74575,0
1612890000000,113.160,114.877,105.255,108.397,1316119.13,1612893599999,142829905.88073,131452,578669.85,62803294.71660,0
1612893600000,108.417,110.263,102.200,104.213,780062.04,1612897199999,82819822.00916,81728,325618.08,34626559.87918,0
1612897200000,104.227,109.124,104.002,108.515,512848.76,1612900799999,54969498.22640,61330,253496.70,27183288.38565,0
1612900800000,108.537,108.542,105.033,106.605,323323.14,1612904399999,34446009.39983,38954,153401.25,16345078.62285,0
1612904400000,106.603,111.949,105.747,109.999,455763.50,1612907999999,49530312.65149,62559,227211.84,24691067.72669,0
1612908000000,109.976,112.738,108.145,111.130,544854.20,1612911599999,60284638.64500,65980,247202.22,27359389.33278,0
1612911600000,111.152,111.201,106.450,107.249,465957.63,1612915199999,50583717.26272,52758,214216.72,23258447.93227,0
1612915200000,107.254,115.685,107.250,113.843,584099.52,1612918799999,65071113.73532,79561,302916.26,33747173.34355,0
1612918800000,113.749,115.800,111.356,112.530,551453.91,1612922399999,62520411.16367,61715,256444.84,29080784.48435,0
1612922400000,112.560,116.800,111.939,116.370,502189.13,1612925999999,57664479.31227,59130,255276.33,29325244.82988,0
1612926000000,116.442,118.393,114.050,117.602,481679.55,1612929599999,55679606.07473,53302,233422.75,27014589.03911,0
1612929600000,117.686,121.075,113.315,119.859,1108280.03,1612933199999,130634366.10225,126984,545122.03,64367810.34994,0
1612933200000,119.781,134.900,119.290,131.400,2200993.62,1612936799999,283468102.24878,229417,1133247.27,145838416.64426,0
1612936800000,131.402,135.000,126.400,129.108,1598627.62,1612940399999,209054770.81486,157746,739514.79,96802586.75541,0
1612940400000,129.092,144.214,129.018,142.644,1596857.92,1612943999999,220019268.51109,191074,842133.34,116047033.51658,0
1612944000000,142.633,148.900,138.130,147.561,1984957.77,1612947599999,285767005.13728,232547,960697.52,138490655.95344,0
1612947600000,147.559,148.600,139.000,139.146,1587410.58,1612951199999,229324722.63714,200720,687420.69,99473776.10023,0
1612951200000,139.125,146.960,138.299,145.775,923897.08,1612954799999,132234494.18175,134532,459310.34,65790031.30916,0
1612954800000,145.783,146.109,134.251,134.945,1048875.39,1612958399999,146609375.40151,132669,426183.60,59627510.39396,0
1612958400000,134.876,138.188,115.864,128.723,3567677.97,1612961999999,449274351.36814,387755,1670695.51,210820692.26684,0
1612962000000,128.656,132.939,123.451,130.290,1838479.36,1612965599999,237787867.55310,231051,886644.36,114786390.94274,0
1612965600000,130.321,134.000,120.460,121.868,1549818.63,1612969199999,197847649.04942,203963,742510.92,94977824.06824,0
1612969200000,121.920,124.841,116.000,121.583,1698238.09,1612972799999,204246008.39417,220579,841238.13,101341124.58398,0
1612972800000,121.543,129.253,119.994,127.768,1081108.86,1612976399999,136032965.47399,150002,544346.67,68509064.81066,0
1612976400000,127.724,133.140,124.011,132.473,664592.58,1612979999999,85220647.01800,112975,325478.38,41789077.10871,0
1612980000000,132.473,132.927,126.057,128.405,645364.81,1612983599999,83577983.89150,101612,291781.95,37785347.37739,0
1612983600000,128.405,129.145,125.100,127.798,443240.61,1612987199999,56402381.49607,77537,218111.40,27764542.06982,0
1612987200000,127.795,128.180,120.700,121.669,578418.62,1612990799999,71548366.98248,83414,261284.24,32308716.80957,0
1612990800000,121.638,128.900,121.506,126.730,433606.70,1612994399999,54438493.57817,80378,212601.25,26688453.21978,0
1612994400000,126.728,128.970,125.422,127.634,269088.42,1612997999999,34271538.47732,48363,123088.52,15681621.77772,0
1612998000000,127.638,131.490,125.320,128.901,382379.03,1613001599999,49061086.15523,66386,182912.24,23472637.92007,0
1613001600000,128.900,129.855,123.000,124.243,371321.22,1613005199999,46931488.25904,61379,170783.33,21585430.68854,0
1613005200000,124.271,127.220,121.700,124.946,326312.50,1613008799999,40677055.84838,59117,169767.14,21168377.10721,0
1613008800000,124.954,127.817,124.950,127.204,131140.75,1613012399999,16596476.38217,25246,63385.83,8023393.94876,0
1613012400000,127.211,128.598,126.540,128.500,131360.18,1613015999999,16738721.07374,22018,66560.11,8484296.99597,0
1613016000000,128.500,128.800,126.355,126.355,146143.20,1613019599999,18640798.37568,24875,72167.98,9207406.10170,0
1613019600000,126.356,130.450,126.253,127.338,286854.58,1613023199999,36862845.51640,44661,128469.92,16511917.68391,0
1613023200000,127.370,128.000,124.600,126.298,242214.59,1613026799999,30542770.49131,34035,103753.41,13087985.13134,0
1613026800000,126.299,127.000,121.198,122.935,411753.88,1613030399999,51127853.54831,50273,188630.86,23450228.47908,0
1613030400000,122.912,124.073,121.338,123.260,374363.04,1613033999999,45966209.21369,43913,195869.19,24053752.66252,0
1613034000000,123.255,125.398,121.111,124.870,299223.90,1613037599999,36820914.25848,39163,150653.45,18562734.50482,0
1613037600000,124.925,125.833,122.855,124.149,295719.94,1613041199999,36772792.31085,39995,135484.21,16851612.39591,0
1613041200000,124.160,125.249,118.000,119.096,536731.97,1613044799999,65298889.30833,68096,209924.90,25569148.42907,0
1613044800000,119.101,122.500,119.085,122.381,427848.97,1613048399999,51718666.85993,54924,222674.16,26925447.87114,0
1613048400000,122.409,133.605,122.380,127.822,1199504.14,1613051999999,153756519.15284,134549,570699.82,73201654.54737,0
1613052000000,127.836,130.500,126.392,127.713,447678.84,1613055599999,57521978.26858,52788,217563.79,27969784.89753,0
1613055600000,127.755,128.500,126.130,127.063,303900.96,1613059199999,38726633.80704,39030,149180.31,19018013.23185,0
1613059200000,127.079,128.588,122.211,124.211,487545.11,1613062799999,61033876.74410,61402,213876.51,26766114.49184,0
1613062800000,124.236,125.268,122.411,123.992,210297.82,1613066399999,26014878.38748,29671,107077.78,13253119.21079,0
1613066400000,123.985,126.427,123.852,124.458,191398.06,1613069999999,23937569.55535,29270,99152.39,12400713.72565,0
1613070000000,124.467,124.547,121.133,122.510,199633.61,1613073599999,24578898.02187,28146,90894.46,11203031.46258,0
1613073600000,122.480,124.585,121.000,121.737,223049.10,1613077199999,27401902.08983,34044,104122.71,12796447.45927,0
1613077200000,121.677,123.213,120.020,122.081,201824.81,1613080799999,24545754.44958,29638,95811.10,11661698.69507,0
1613080800000,122.102,126.000,121.100,124.168,208366.10,1613084399999,25831623.75982,30790,99458.78,12341431.72953,0
1613084400000,124.095,125.575,123.190,124.110,244453.59,1613087999999,30390794.13306,31205,118422.42,14731961.94658,0
1613088000000,124.148,124.783,122.124,124.063,232557.11,1613091599999,28787330.45715,33384,109348.51,13540024.36519,0
1613091600000,124.124,125.600,122.890,124.788,104768.80,1613095199999,13025309.10534,22105,56652.48,7047412.65529,0
1613095200000,124.788,128.500,124.648,126.300,282659.84,1613098799999,35806405.38509,41391,138467.54,17547376.18487,0
1613098800000,126.299,126.490,123.648,124.227,254772.44,1613102399999,31913874.53005,29397,108715.51,13624681.21386,0
1613102400000,124.227,124.472,121.000,123.165,242529.85,1613105999999,29791864.74897,32368,96885.80,11913155.91055,0
1613106000000,123.209,126.736,122.843,125.262,208681.72,1613109599999,26109349.39027,31901,107678.51,13477218.64807,0
1613109600000,125.256,126.661,123.300,125.525,167223.90,1613113199999,20890328.65875,26502,74093.46,9260659.12537,0
1613113200000,125.518,126.300,123.731,124.217,140677.46,1613116799999,17562838.55276,20378,67084.08,8375427.97130,0
1613116800000,124.180,127.070,124.120,126.477,193337.36,1613120399999,24282424.15919,26359,102244.09,12847448.74562,0
1613120400000,126.457,129.065,125.019,126.103,360986.74,1613123999999,45877378.95439,45820,170531.14,21679860.95563,0
1613124000000,126.155,128.500,126.100,127.244,190054.85,1613127599999,24215575.05548,26664,90959.01,11591548.63325,0
1613127600000,127.244,131.482,126.934,131.456,429854.32,1613131199999,55695082.06770,54968,219047.60,28397956.51777,0
1613131200000,131.396,141.850,129.963,138.180,1283841.10,1613134799999,176223220.69573,150315,627970.29,86184812.88673,0
1613134800000,138.168,140.330,133.350,135.065,596590.82,1613138399999,81570896.05322,67235,262730.85,35951457.60251,0
1613138400000,135.078,136.250,126.186,130.270,718925.91,1613141999999,94610552.95195,82916,311503.75,41059995.84338,0
1613142000000,130.261,134.710,130.203,133.804,504443.72,1613145599999,67302523.91986,61087,251497.11,33549437.78706,0
1613145600000,133.817,139.240,133.730,136.494,567538.26,1613149199999,77511731.52552,68494,264174.19,36083130.41238,0
1613149200000,136.509,139.210,136.213,138.075,316993.81,1613152799999,43668891.08445,45200,154176.72,21254592.66006,0
1613152800000,138.090,138.330,133.840,135.371,349089.11,1613156399999,47415940.84937,43987,154454.22,20995642.84061,0
1613156400000,135.359,136.400,133.408,135.615,207242.31,1613159999999,27936771.59514,28040,109022.92,14701442.87344,0
1613160000000,135.592,137.343,134.813,135.527,214341.10,1613163599999,29161043.27258,30137,100781.55,13720772.26906,0
1613163600000,135.530,136.108,134.079,134.444,121781.51,1613167199999,16448864.19641,19652,54783.54,7402580.51427,0
1613167200000,134.431,136.449,133.642,136.015,141005.96,1613170799999,19026004.54869,23362,60308.31,8145294.02349,0
1613170800000,136.012,137.000,134.442,136.745,149588.20,1613174399999,20307798.72118,25825,67046.50,9109297.22753,0
1613174400000,136.728,139.000,135.354,135.622,200821.42,1613177999999,27568228.41253,35275,95997.92,13188260.71902,0
1613178000000,135.622,136.334,134.700,136.238,119144.53,1613181599999,16159471.33477,21719,55395.26,7518462.70847,0
1613181600000,136.217,136.269,134.700,134.789,95559.54,1613185199999,12939177.39426,15410,40950.46,5546175.96921,0
1613185200000,134.770,134.993,133.265,134.079,151173.34,1613188799999,20291191.15433,22913,60151.63,8079189.75379,0
1613188800000,134.110,135.115,133.586,134.536,119891.36,1613192399999,16102337.80652,16868,58184.87,7816422.60493,0
1613192400000,134.582,134.937,132.416,133.815,118463.97,1613195999999,15839618.62737,19862,49028.58,6562459.26987,0
1613196000000,133.815,133.881,131.091,133.344,124172.67,1613199599999,16458873.58068,19934,51032.31,6771031.67542,0
1613199600000,133.365,133.550,130.170,130.345,140264.39,1613203199999,18516442.97111,24267,57855.12,7642507.58367,0
1613203200000,130.379,134.128,130.000,133.324,181093.55,1613206799999,23986272.66046,29461,98386.36,13034438.27198,0
1613206800000,133.307,133.307,131.214,131.525,141268.21,1613210399999,18668236.15840,19417,61210.64,8091189.12139,0
1613210400000,131.511,131.511,125.630,126.823,417904.64,1613213999999,53726481.89093,55876,167688.53,21563449.50476,0
1613214000000,126.838,129.524,124.951,127.880,460160.15,1613217599999,58638803.44559,62452,225210.04,28723799.25579,0
1613217600000,127.880,129.897,126.149,128.793,243917.08,1613221199999,31427316.40193,35356,111850.07,14413158.44571,0
1613221200000,128.772,131.879,128.237,131.435,236676.59,1613224799999,30796604.67282,36421,118701.39,15448850.77656,0
1613224800000,131.435,131.445,128.935,130.113,196751.64,1613228399999,25555320.19888,26770,75913.46,9862191.04861,0
1613228400000,130.113,132.200,129.900,131.134,228163.47,1613231999999,29975913.31130,32868,104757.99,13764595.63970,0
1613232000000,131.151,132.464,130.500,131.333,158083.98,1613235599999,20800181.75333,23785,77434.25,10189175.01129,0
1613235600000,131.361,131.504,130.217,131.161,102166.98,1613239199999,13369043.99442,17982,49965.57,6540896.31502,0
1613239200000,131.132,132.893,130.859,132.192,130103.67,1613242799999,17192802.45621,22335,62377.21,8243525.06801,0
1613242800000,132.192,134.416,131.378,133.544,204642.69,1613246399999,27239177.63374,28551,96205.98,12810993.67498,0
1613246400000,133.549,133.588,130.600,131.311,171156.88,1613249999999,22573700.03345,24621,81797.53,10789913.67858,0
1613250000000,131.310,133.380,131.231,132.751,167509.96,1613253599999,22152944.62741,25267,80222.10,10613011.06613,0
1613253600000,132.775,133.926,131.598,133.301,106122.78,1613257199999,14086395.76387,18643,51568.62,6850224.22989,0
1613257200000,133.335,135.608,132.970,133.500,219996.15,1613260799999,29603217.35081,30789,95433.72,12857000.72941,0
1613260800000,133.500,135.314,131.731,132.925,238786.20,1613264399999,31806564.77789,31323,113412.48,15120665.57219,0
1613264400000,132.864,133.064,129.405,130.901,133647.91,1613267999999,17567710.61684,20405,54670.76,7193298.39113,0
1613268000000,130.942,132.038,130.674,130.793,119332.05,1613271599999,15689324.88018,18126,53697.00,7061970.39171,0
1613271600000,130.718,131.785,129.080,129.349,99953.29,1613275199999,13046517.44829,15250,47697.41,6230217.48512,0
1613275200000,129.355,131.255,128.541,130.106,114551.82,1613278799999,14907861.30517,16176,58095.80,7565333.30958,0
1613278800000,130.106,130.587,128.787,129.355,107713.30,1613282399999,13962222.01412,14494,49979.43,6480699.83561,0
1613282400000,129.358,133.412,128.907,132.741,186405.81,1613285999999,24549790.50181,27345,100799.94,13281140.67291,0
1613286000000,132.731,133.257,130.452,130.486,134523.49,1613289599999,17727010.61722,18319,55759.52,7350749.44028,0
1613289600000,130.501,132.393,130.487,131.562,100042.16,1613293199999,13166735.30331,15039,50758.68,6680526.47091,0
1613293200000,131.562,132.915,131.400,132.323,108177.73,1613296799999,14321656.93686,14201,49804.52,6591033.27067,0
1613296800000,132.332,137.360,132.120,135.192,438138.81,1613300399999,59284739.82138,52661,210326.15,28459571.98379,0
1613300400000,135.192,136.830,133.111,136.705,267259.34,1613303999999,35976004.73341,32895,122524.59,16516047.04098,0
1613304000000,136.700,140.417,135.061,138.197,497439.29,1613307599999,68566795.72625,61627,255465.18,35240892.15454,0
1613307600000,138.233,139.418,133.880,134.799,388222.71,1613311199999,52974278.45615,47319,158184.48,21606242.32535,0
1613311200000,134.806,136.800,128.598,131.722,470324.57,1613314799999,62471771.42912,64216,200719.34,26681165.14664,0
1613314800000,131.823,133.992,129.000,131.409,446780.94,1613318399999,58545664.83716,52571,218929.84,28687049.06986,0
1613318400000,131.486,134.511,131.064,134.446,253753.07,1613321999999,33805093.69715,34784,126781.13,16890475.50617,0
1613322000000,134.440,135.219,132.159,132.797,242628.52,1613325599999,32495759.79937,31103,102269.47,13700655.55061,0
1613325600000,132.811,134.265,132.355,134.089,116506.90,1613329199999,15520971.62499,18777,58416.09,7784148.92328,0
1613329200000,134.087,135.075,132.733,134.089,125630.66,1613332799999,16824320.31247,18858,61781.18,8274883.40303,0
1613332800000,134.071,136.110,133.555,135.451,162115.60,1613336399999,21923887.26775,25884,79539.04,10756590.67042,0
1613336400000,135.464,138.681,134.942,137.446,207416.72,1613339999999,28452470.31762,31972,103871.68,14244729.60779,0
1613340000000,137.438,137.474,135.144,136.600,164314.42,1613343599999,22373610.43154,21050,74570.92,10151950.95108,0
1613343600000,136.600,138.405,135.432,135.844,204324.59,1613347199999,27996855.49261,32359,90036.45,12346297.43026,0
1613347200000,135.890,140.187,135.258,135.587,334492.52,1613350799999,46018480.39060,47373,168981.33,23262408.19639,0
1613350800000,135.600,136.365,129.695,131.763,416766.39,1613354399999,55316566.13669,57013,171556.46,22797094.73565,0
1613354400000,131.685,132.941,117.189,125.315,908835.98,1613357999999,112439889.27534,114148,363414.92,44919495.71935,0
1613358000000,125.314,127.310,122.447,126.423,332260.30,1613361599999,41709528.05314,47539,157663.24,19813053.17698,0
1613361600000,126.369,126.457,121.088,124.955,297911.34,1613365199999,36822638.28396,44207,144515.53,17873089.12054,0
1613365200000,124.961,126.951,124.319,125.471,211650.54,1613368799999,26567257.91162,29218,105767.70,13281232.41960,0
1613368800000,125.446,129.585,125.090,128.473,220134.74,1613372399999,28203552.37458,29735,102663.01,13150679.14061,0
1613372400000,128.473,131.707,128.150,129.881,228983.71,1613375999999,29847365.84734,31036,106754.81,13920487.76277,0
1613376000000,129.844,131.344,128.160,129.727,195718.31,1613379599999,25400318.36645,27928,95582.02,12414267.04910,0
1613379600000,129.722,130.438,128.036,130.199,146563.58,1613383199999,18981222.99631,23298,72911.99,9451233.48705,0
1613383200000,130.199,130.812,128.580,130.272,177127.18,1613386799999,22996996.35870,24869,77413.02,10053467.06161,0
1613386800000,130.293,134.000,129.611,132.219,232585.62,1613390399999,30729291.46676,37683,119319.35,15762553.56586,0
1613390400000,132.239,132.725,130.300,132.047,218629.18,1613393999999,28789409.98708,27257,92112.22,12137269.54598,0
1613394000000,132.056,132.960,131.036,132.012,151243.98,1613397599999,19968121.08660,21735,71954.24,9500821.67471,0
1613397600000,132.014,132.716,129.812,130.437,182633.48,1613401199999,23988235.10409,23941,79433.45,10439891.04084,0
1613401200000,130.394,132.000,130.347,131.360,136107.04,1613404799999,17882276.05101,18385,63939.16,8402128.24285,0
1613404800000,131.362,133.400,131.336,132.493,155202.71,1613408399999,20568792.50885,22027,76746.95,10171330.66405,0
1613408400000,132.502,133.481,131.920,132.428,117444.32,1613411999999,15589478.44551,17907,49471.36,6569189.90647,0
1613412000000,132.439,132.962,131.545,131.648,86621.77,1613415599999,11469351.70791,12834,34824.50,4615330.63634,0
1613415600000,131.633,132.990,131.619,132.501,73963.42,1613419199999,9801406.77026,12940,38788.90,5139184.34873,0
1613419200000,132.521,133.600,132.150,132.279,80221.57,1613422799999,10665006.40827,15315,39996.36,5318852.80990,0
1613422800000,132.275,132.912,128.785,129.416,195690.33,1613426399999,25576017.45915,28497,74267.12,9707556.15166,0
1613426400000,129.489,131.137,128.412,130.669,127611.67,1613429999999,16604132.46179,21547,61293.28,7979556.96525,0
1613430000000,130.687,131.362,129.022,130.037,99226.38,1613433599999,12917114.36551,17601,49091.14,6392724.42229,0
1613433600000,130.036,130.055,126.200,129.596,248316.13,1613437199999,31817072.04928,42603,108764.49,13943282.08384,0
1613437200000,129.666,131.339,129.600,130.154,166115.69,1613440799999,21668610.91828,24244,70429.68,9190808.74830,0
1613440800000,130.163,132.183,129.742,131.497,124120.57,1613444399999,16295953.21389,19032,66418.87,8722826.43681,0
1613444400000,131.497,131.840,130.800,131.074,108776.65,1613447999999,14277117.54218,14858,52706.44,6918883.67370,0
1613448000000,131.065,131.227,129.665,130.807,94628.98,1613451599999,12356805.30288,17086,41984.81,5485285.43522,0
1613451600000,130.815,132.500,130.492,130.935,114630.87,1613455199999,15066122.84700,17855,54636.00,7183242.78049,0
1613455200000,130.946,130.971,128.480,130.350,124138.73,1613458799999,16114070.42456,18922,54614.44,7091858.64131,0
1613458800000,130.342,130.806,129.708,130.600,58061.23,1613462399999,7558176.92579,13022,27929.31,3636396.17241,0
1613462400000,130.595,131.977,129.248,131.904,110213.35,1613465999999,14388222.48277,18440,51771.65,6765149.08420,0
1613466000000,131.922,134.000,131.411,132.557,181798.83,1613469599999,24102884.15019,30148,85494.01,11339224.56741,0
1613469600000,132.557,133.000,130.880,131.457,119465.48,1613473199999,15754272.81811,19869,54549.33,7197663.50674,0
1613473200000,131.455,131.553,130.120,130.631,118063.45,1613476799999,15426569.70816,17006,51033.28,6671047.78434,0
1613476800000,130.644,132.456,129.700,131.165,193023.76,1613480399999,25340268.75039,29083,87530.43,11499384.18510,0
1613480400000,131.166,131.799,129.469,129.623,109941.55,1613483999999,14364207.21048,17169,49623.06,6483924.52592,0
1613484000000,129.647,130.918,128.600,130.784,138210.78,1613487599999,17953713.72360,20299,69610.84,9044434.67485,0
1613487600000,130.747,131.430,130.128,130.478,75534.15,1613491199999,9885154.68886,14763,29016.02,3798440.32976,0
1613491200000,130.469,131.344,128.000,128.753,169087.08,1613494799999,21932904.48740,25068,81188.84,10539230.86769,0
1613494800000,128.785,129.990,128.600,128.782,94991.63,1613498399999,12288993.22289,16004,49493.49,6402981.79805,0
1613498400000,128.763,129.874,127.209,129.756,126721.27,1613501999999,16287151.31304,20605,62402.29,8024262.20259,0
1613502000000,129.766,130.283,128.464,129.019,95929.30,1613505599999,12417571.47592,17899,40994.21,5305629.18231,0
1613505600000,128.997,129.053,127.281,128.319,119758.27,1613509199999,15332756.39969,18671,54323.41,6956471.15864,0
1613509200000,128.353,128.503,126.200,128.378,122129.68,1613512799999,15577801.11450,20014,51666.38,6596500.84466,0
1613512800000,128.376,129.979,127.688,129.841,85402.62,1613516399999,11019960.46137,14067,39376.13,5083255.66476,0
1613516400000,129.846,130.403,129.483,130.334,104890.40,1613519999999,13623277.62951,13329,43227.13,5616492.29042,0
1613520000000,130.327,131.300,129.120,129.327,114041.28,1613523599999,14855318.34419,18037,48394.98,6308041.67454,0
1613523600000,129.391,130.350,129.050,129.433,53584.39,1613527199999,6949363.16120,10204,29078.31,3772148.10110,0
1613527200000,129.442,130.456,129.442,129.829,55814.39,1613530799999,7256377.83966,9874,29509.23,3837090.77699,0
1613530800000,129.828,130.313,128.220,128.967,96420.08,1613534399999,12429117.99435,15371,35638.74,4597344.48638,0
1613534400000,128.952,129.576,127.000,127.535,117451.79,1613537999999,15047158.06936,17613,55655.46,7128199.99455,0
1613538000000,127.525,128.842,127.329,128.201,62734.13,1613541599999,8036529.77604,12974,28021.43,3591145.53477,0
1613541600000,128.205,129.780,128.078,128.951,130037.15,1613545199999,16769978.09351,18018,63015.92,8131340.52740,0
1613545200000,128.932,131.200,128.871,131.198,129942.93,1613548799999,16924783.41032,21316,66944.79,8722587.06737,0
1613548800000,131.196,131.562,129.992,130.558,113781.58,1613552399999,14861608.65920,16950,50114.63,6549755.82904,0
1613552400000,130.558,135.487,130.555,133.778,367102.45,1613555999999,49044850.23055,48934,182396.62,24361205.98969,0
1613556000000,133.790,137.629,133.583,137.364,305201.18,1613559599999,41312723.02244,40849,153834.64,20843911.13655,0
1613559600000,137.376,146.534,137.289,140.899,1120062.86,1613563199999,159075940.15833,134508,544196.74,77330750.60153,0
1613563200000,140.895,144.651,138.206,141.113,641724.76,1613566799999,91089200.17356,77213,298937.36,42456678.40952,0
1613566800000,141.083,143.277,140.276,142.185,388116.76,1613570399999,55032126.40686,52448,188623.56,26756231.29606,0
1613570400000,142.224,149.181,142.202,148.125,915091.93,1613573999999,133721042.05164,113267,467195.03,68299142.67375,0
1613574000000,148.118,148.247,145.000,146.953,451301.80,1613577599999,66192354.50752,59233,195101.73,28626516.96324,0
1613577600000,146.953,156.732,146.776,154.879,1329302.56,1613581199999,202849571.36158,168610,692697.07,105709609.98013,0
1613581200000,154.933,157.300,152.050,153.309,512286.44,1613584799999,78959362.28781,66971,234300.09,36134705.93422,0
1613584800000,153.309,163.358,153.200,160.867,837777.97,1613588399999,133257261.43483,115222,420555.90,66912468.50925,0
1613588400000,160.800,169.000,158.500,168.865,809777.33,1613591999999,132454100.31780,117795,406254.78,66535283.87949,0
1613592000000,168.865,176.920,165.207,167.789,1814027.08,1613595599999,309857593.38165,232848,861198.70,147240301.76038,0
1613595600000,167.790,173.500,166.018,169.395,587300.54,1613599199999,100047434.11594,91472,281553.95,47979922.49587,0
1613599200000,169.430,171.441,163.533,167.644,396739.80,1613602799999,66469416.37580,63038,189810.33,31827811.08936,0
1613602800000,167.645,167.653,160.772,165.556,495809.18,1613606399999,81241074.89634,72482,241844.37,39644306.61229,0
1613606400000,165.638,172.870,165.233,169.799,641770.76,1613609999999,108976212.36835,100388,313049.81,53153552.95609,0
1613610000000,169.808,171.000,166.020,167.786,360199.31,1613613599999,60584164.95680,53360,170247.06,28643926.97878,0
1613613600000,167.847,170.500,166.073,167.659,260316.33,1613617199999,43847227.66029,41296,127670.94,21512785.45341,0
1613617200000,167.635,168.500,166.000,166.201,151968.77,1613620799999,25378353.07981,23924,67225.82,11230212.35603,0
1613620800000,166.216,167.322,163.257,166.929,189668.11,1613624399999,31358975.53123,31828,84888.60,14049021.04800,0
1613624400000,166.929,171.805,166.822,169.519,317279.81,1613627999999,53815497.92713,46935,156076.72,26474079.44161,0
1613628000000,169.519,178.500,168.900,178.051,569344.24,1613631599999,99257577.07896,90544,297994.16,51979691.44368,0
1613631600000,178.051,180.973,172.429,179.800,758564.29,1613635199999,133744547.29669,101699,365024.32,64391339.25635,0
1613635200000,179.870,196.368,179.801,189.270,2068284.57,1613638799999,389628068.92225,262220,1009613.35,190282681.00413,0
1613638800000,189.285,194.300,186.200,189.096,1052517.80,1613642399999,199968608.12786,144921,495307.85,94201638.98840,0
1613642400000,189.102,189.500,183.000,184.087,680434.44,1613645999999,126899267.39647,87087,306449.02,57182480.40862,0
1613646000000,184.088,190.423,182.700,187.415,769649.13,1613649599999,143654399.91891,99081,380378.15,71021868.70619,0
1613649600000,187.410,192.746,182.073,191.485,691430.00,1613653199999,128922757.94146,90012,346307.24,64699004.58770,0
1613653200000,191.485,195.980,188.610,192.491,1048065.26,1613656799999,201856122.07599,139101,499815.58,96312113.33795,0
1613656800000,192.491,197.700,189.228,196.982,781735.90,1613660399999,150903735.50009,106096,395198.72,76395550.20039,0
1613660400000,196.952,199.274,193.450,195.000,1091462.07,1613663999999,214534102.09650,136377,503792.44,99108559.82419,0
1613664000000,195.000,201.690,194.929,199.801,1126976.47,1613667599999,223931904.56132,149355,542770.23,107860118.05870,0
1613667600000,199.885,200.650,190.196,194.655,910659.49,1613671199999,177971654.50748,109586,411329.74,80395346.44504,0
1613671200000,194.674,197.343,190.520,191.826,482319.78,1613674799999,93878832.72849,67179,218325.16,42539275.44735,0
1613674800000,191.826,196.344,191.680,194.243,310699.64,1613678399999,60302595.31579,45081,153383.23,29770856.76900,0
1613678400000,194.232,199.000,193.000,198.677,332016.41,1613681999999,65427440.63034,50606,159944.13,31529222.12494,0
1613682000000,198.671,198.910,194.210,195.158,236902.11,1613685599999,46595856.44231,35511,99058.61,19495800.91484,0
1613685600000,195.160,196.000,190.990,193.736,191151.06,1613689199999,36975911.86359,33351,80773.75,15631518.24250,0
1613689200000,193.730,196.880,191.251,195.549,237176.58,1613692799999,46096700.40503,36829,115013.95,22361155.23754,0
1613692800000,195.571,209.515,195.000,206.727,818330.26,1613696399999,166964739.79261,131939,417268.98,85102604.53457,0
1613696400000,206.752,219.859,204.200,216.107,1230506.58,1613699999999,263462624.54237,175721,605641.23,129698694.01593,0
1613700000000,216.107,217.848,205.768,217.021,1007376.80,1613703599999,213324731.34349,136502,481164.39,101934613.98525,0
1613703600000,217.086,239.695,216.103,232.918,1819098.11,1613707199999,415715775.93752,261308,919510.38,210164627.62949,0
1613707200000,232.845,245.868,228.345,242.827,1330581.99,1613710799999,313547926.47755,179776,657452.32,155117539.02449,0
1613710800000,242.810,288.387,241.000,271.572,3400950.08,1613714399999,889726114.85349,468663,1705367.61,446229628.11452,0
1613714400000,271.572,274.597,244.192,252.212,2568421.01,1613717999999,657705862.48689,450754,1164023.05,298172290.73058,0
1613718000000,252.339,265.306,250.851,261.463,1210735.04,1613721599999,314184134.64595,225291,600266.60,155792975.16148,0
1613721600000,261.439,272.000,255.010,259.077,1309976.94,1613725199999,347069044.94703,260341,595335.07,157901993.08212,0
1613725200000,259.025,262.000,251.146,253.851,864426.53,1613728799999,221857363.31464,175484,407491.30,104669906.22215,0
1613728800000,253.851,265.650,252.117,264.139,786112.29,1613732399999,203806899.97866,155401,385242.53,99955660.39658,0
1613732400000,264.187,268.751,259.600,265.353,699846.21,1613735999999,185311749.10246,141365,310270.22,82183908.70224,0
1613736000000,265.432,277.000,260.000,266.091,1136348.18,1613739599999,304359043.80116,232282,538460.39,144335263.72028,0
1613739600000,265.988,302.250,265.940,298.700,2243761.52,1613743199999,643239621.19245,437329,1143113.88,328074743.74902,0
1613743200000,298.526,350.000,287.575,321.191,3958519.13,1613746799999,1244112438.56042,788057,1938124.20,609766169.87785,0
1613746800000,321.174,331.800,292.560,312.953,3321932.33,1613750399999,1039526879.97429,750539,1552903.27,486326568.47702,0
1613750400000,312.921,320.942,278.500,295.080,1773647.56,1613753999999,536453305.85333,405904,796734.92,241223810.81219,0
1613754000000,295.215,306.329,289.000,301.744,998957.40,1613757599999,298710189.58923,272174,493675.29,147724019.52232,0
1613757600000,301.728,320.000,298.778,317.851,734237.23,1613761199999,226136090.48861,200638,370813.44,114350911.08206,0
1613761200000,317.831,332.000,307.000,326.438,1243315.45,1613764799999,397394232.84797,325271,591535.47,189246354.25841,0
1613764800000,326.454,334.683,315.207,324.392,987903.56,1613768399999,321863537.87961,268483,470754.80,153498179.01443,0
1613768400000,324.484,339.990,311.631,334.341,968952.74,1613771999999,316352598.14346,267940,467778.23,152908052.34333,0
1613772000000,334.424,343.478,326.100,328.316,877600.82,1613775599999,294391067.63709,256894,409628.58,137577285.44911,0
1613775600000,328.345,339.924,323.500,334.094,612833.59,1613779199999,204669989.07713,180335,290678.53,97162053.46199,0
1613779200000,334.111,337.000,287.997,290.035,1929566.56,1613782799999,598062160.82406,523333,857083.03,266059868.30311,0
1613782800000,289.982,307.525,272.000,290.151,1661314.49,1613786399999,481069435.34962,429141,769266.88,223084439.69843,0
1613786400000,290.005,315.998,284.000,303.000,1250033.03,1613789999999,379162559.12940,365134,600798.99,182271332.54957,0
1613790000000,303.000,306.000,287.146,288.400,959550.30,1613793599999,285194519.73226,276756,439982.61,130892735.58279,0
1613793600000,288.462,299.561,280.000,292.786,764796.63,1613797199999,221885338.71910,217847,359060.21,104288035.87792,0
1613797200000,292.800,300.700,289.000,293.784,443558.94,1613800799999,130787419.68413,134001,217432.40,64152379.34637,0
1613800800000,293.789,307.000,292.237,302.326,524935.13,1613804399999,158400471.76999,153105,254595.21,76805912.10367,0
1613804400000,302.344,305.489,290.200,292.094,555471.85,1613807999999,164858355.47844,159780,251711.24,74761451.39085,0
1613808000000,292.114,302.810,292.064,296.125,400935.20,1613811599999,119438644.98295,100772,190612.18,56789321.90816,0
1613811600000,296.104,299.800,292.214,296.325,403255.82,1613815199999,119176535.50601,89723,192458.63,56909521.46242,0
1613815200000,296.374,307.685,294.720,301.204,536652.45,1613818799999,161637617.74636,134862,255739.08,77057268.96519,0
1613818800000,301.242,308.095,300.000,305.725,498852.35,1613822399999,151835232.78629,107784,233982.47,71252822.63505,0
1613822400000,305.704,305.794,295.080,298.653,487204.43,1613825999999,146533435.95427,109686,202422.42,60902937.43953,0
1613826000000,298.602,300.969,285.016,286.346,577006.94,1613829599999,169226072.72299,130140,250905.33,73690532.63040,0
1613829600000,286.327,295.000,266.000,270.142,1249785.48,1613833199999,350584229.74862,283852,549107.37,154311379.85601,0
1613833200000,270.247,283.990,267.100,274.804,1412055.12,1613836799999,389932619.12422,323873,696765.70,192543591.25958,0
1613836800000,274.870,283.176,272.567,278.976,623043.81,1613840399999,173634115.49748,154321,298349.88,83195970.17258,0
1613840400000,278.865,289.833,278.500,284.733,602256.97,1613843999999,171122769.57195,137041,295344.70,83931421.36824,0
1613844000000,284.661,285.583,273.572,278.112,356175.27,1613847599999,99420820.67393,88341,170017.40,47477657.30698,0
1613847600000,278.107,280.983,270.594,273.785,347277.07,1613851199999,95414332.43257,88354,164979.79,45346033.22016,0
1613851200000,273.821,273.849,261.000,270.729,553510.35,1613854799999,148755039.43354,143977,238885.00,64289092.20258,0
1613854800000,270.735,270.871,252.399,254.129,1028295.18,1613858399999,267259292.48127,225675,465284.93,121030783.03555,0
1613858400000,254.222,256.683,223.342,243.432,2172537.65,1613861999999,524821985.83367,459493,985124.51,238457236.65104,0
1613862000000,243.462,260.725,241.514,252.807,1594372.51,1613865599999,403859896.15651,346802,791135.35,200520369.49091,0
1613865600000,253.053,280.997,249.001,275.578,1300220.97,1613869199999,346459016.39660,300517,660294.66,175872010.80220,0
1613869200000,275.614,284.629,269.000,274.147,813728.65,1613872799999,224536895.87838,190510,398096.19,109947253.18268,0
1613872800000,274.135,284.000,271.857,274.856,556920.86,1613876399999,154397806.57965,132870,260206.79,72181667.57471,0
1613876400000,274.856,280.411,265.635,269.171,396394.27,1613879999999,108543204.46754,95041,167940.17,46040655.96177,0
1613880000000,269.238,271.129,257.557,266.114,636042.04,1613883599999,167375725.94894,139234,307139.04,80885906.52474,0
1613883600000,266.308,267.822,260.050,263.557,315869.93,1613887199999,83398226.24089,74637,154710.61,40864908.16757,0
1613887200000,263.557,266.429,257.190,262.127,298750.54,1613890799999,78184871.47193,73812,143354.15,37537502.35242,0
1613890800000,262.160,264.537,252.000,257.083,480534.72,1613894399999,123755174.24441,110472,225073.49,58015992.04822,0
1613894400000,257.069,275.000,256.281,274.519,697445.52,1613897999999,185792376.42964,162134,368820.55,98242155.19019,0
1613898000000,274.752,294.962,273.170,289.477,1241830.69,1613901599999,353740484.93480,289928,616544.38,175724561.83052,0
1613901600000,289.567,297.013,280.054,281.383,912667.92,1613905199999,262784664.40664,197065,421277.15,121433405.15442,0
1613905200000,281.385,286.170,281.000,284.891,342231.18,1613908799999,97186145.77186,80244,161532.26,45887612.58448,0
1613908800000,284.901,294.444,283.182,287.360,587847.55,1613912399999,169513352.49153,134535,274856.89,79295781.34395,0
1613912400000,287.421,296.273,286.000,293.299,517914.53,1613915999999,150792923.20040,118644,264763.95,77109191.00978,0
1613916000000,293.197,309.086,293.107,303.576,1357479.30,1613919599999,409630925.37520,294795,655894.44,197998603.82386,0
1613919600000,303.721,304.965,295.920,302.182,577022.91,1613923199999,173797761.79760,132468,257330.08,77562063.89100,0
1613923200000,302.200,303.694,286.350,287.750,814398.26,1613926799999,240462022.01847,171662,360195.31,106395284.22976,0
1613926800000,287.750,299.504,287.527,297.490,471011.83,1613930399999,138856341.21858,106915,244870.01,72193003.11061,0
1613930400000,297.511,299.300,291.300,297.826,330072.48,1613933999999,97576189.80154,75650,152776.71,45183006.90315,0
1613934000000,297.802,302.753,295.800,299.274,305157.53,1613937599999,91354118.72541,77437,144520.91,43280034.17052,0
1613937600000,299.274,299.340,281.639,286.495,620583.58,1613941199999,180028303.15222,142398,270724.29,78544532.46101,0
1613941200000,286.450,290.000,281.100,281.773,472821.04,1613944799999,135138537.83723,118822,220093.25,62958516.44941,0
1613944800000,281.700,294.000,280.700,293.347,304373.76,1613948399999,87219210.79014,88460,157359.01,45129153.90838,0
1613948400000,293.395,297.000,289.496,294.864,325130.93,1613951999999,95338426.51935,86129,152672.26,44789034.26101,0
1613952000000,294.945,295.986,281.510,282.268,570925.90,1613955599999,163714767.92732,138069,259523.90,74433102.23395,0
1613955600000,282.234,289.301,275.000,286.218,495004.44,1613959199999,140280292.51921,121661,231847.55,65811209.10628,0
1613959200000,286.160,288.822,282.550,285.264,262203.26,1613962799999,74822092.79234,66515,130489.92,37251679.37414,0
1613962800000,285.224,287.068,273.140,274.542,431661.62,1613966399999,120330060.88685,102420,190538.04,53125833.35738,0
1613966400000,274.533,277.800,267.763,277.417,623466.26,1613969999999,170564104.28619,144486,300878.44,82351266.14267,0
1613970000000,277.417,283.998,273.327,274.777,435271.66,1613973599999,121717938.99358,99757,208815.52,58423339.20953,0
1613973600000,274.774,281.393,271.792,277.102,298018.67,1613977199999,82723039.90463,78063,145310.98,40343848.99720,0
1613977200000,277.214,281.500,274.440,278.454,286990.30,1613980799999,79784487.16804,70932,140178.79,38974125.75929,0
1613980800000,278.481,279.998,269.635,271.585,487441.82,1613984399999,133330316.09397,106286,227586.18,62268766.51873,0
1613984400000,271.486,277.231,260.031,263.477,552520.30,1613987999999,149075804.53773,131348,241341.61,65202404.73317,0
1613988000000,263.477,269.400,251.000,266.282,1048211.49,1613991599999,274426580.29528,231322,497926.81,130417747.56875,0
1613991600000,266.259,271.359,258.555,259.207,577108.79,1613995199999,153199335.78056,141219,268382.70,71303094.48730,0
1613995200000,259.079,260.147,235.400,252.024,1831072.30,1613998799999,455060878.19819,396365,862043.65,214425109.04948,0
1613998800000,252.024,257.500,241.000,241.775,1024243.32,1614002399999,256386682.30932,245479,477876.88,119712801.57220,0
1614002400000,241.656,272.888,219.000,270.155,1727857.25,1614005999999,420781924.55912,367813,837742.20,205740846.37141,0
1614006000000,270.189,271.341,252.375,262.792,996206.62,1614009599999,261789381.63678,225080,471530.79,123980539.98970,0
1614009600000,262.651,268.361,258.880,261.438,554391.41,1614013199999,146583023.80851,137459,265012.71,70091244.25974,0
1614013200000,261.414,262.000,245.555,247.011,718006.07,1614016799999,182699454.21762,175117,334024.10,85106014.09787,0
1614016800000,247.128,259.300,241.363,256.641,664256.92,1614020399999,166379148.98234,167878,328431.25,82284859.37832,0
1614020400000,256.633,260.474,251.200,259.516,294044.39,1614023999999,75595562.50592,97626,143860.99,37014860.90401,0
1614024000000,259.484,265.984,258.400,260.586,347666.18,1614027599999,91197146.00882,96352,163256.65,42846480.94997,0
1614027600000,260.513,275.000,260.300,273.834,401486.02,1614031199999,108117713.21525,114715,206158.55,55516739.71117,0
1614031200000,273.834,276.991,264.163,267.307,445054.04,1614034799999,120426034.10055,109897,214966.54,58221698.39099,0
1614034800000,267.294,269.148,257.426,267.467,354910.58,1614038399999,93836496.05676,100934,168305.09,44550243.15518,0
1614038400000,267.444,270.081,256.244,258.361,352251.40,1614041999999,92592074.94151,89572,165806.25,43627803.99881,0
1614042000000,258.346,263.183,249.100,252.438,385095.67,1614045599999,98382840.47662,110352,180140.81,46069374.86711,0
1614045600000,252.438,255.493,237.134,239.747,710054.15,1614049199999,174194246.86239,188341,323276.86,79304345.29223,0
1614049200000,239.635,251.807,239.475,246.760,684089.52,1614052799999,168661186.85117,175776,340656.48,84027189.58561,0
1614052800000,246.913,251.967,234.560,243.642,615392.48,1614056399999,149407698.02023,160968,300667.49,73061608.44994,0
1614056400000,243.642,243.721,227.500,237.283,851068.54,1614059999999,201123451.49761,218625,404737.45,95785680.63138,0
1614060000000,237.283,245.388,231.496,231.939,533407.90,1614063599999,127295792.96527,152776,259554.57,61981598.49019,0
1614063600000,232.006,238.056,230.252,231.948,449023.35,1614067199999,105275014.20708,118593,215012.84,50432532.31305,0
1614067200000,231.908,234.609,193.702,193.797,2084676.76,1614070799999,442162390.18465,419186,941602.67,200145221.49577,0
1614070800000,193.797,218.325,183.500,217.871,1998636.21,1614074399999,408047104.71281,414944,992368.13,203371395.94737,0
1614074400000,217.974,226.000,205.549,214.204,1306772.32,1614077999999,280822710.02934,279135,640961.44,137917051.39968,0
1614078000000,214.154,218.000,187.222,204.151,1357271.33,1614081599999,274690190.44940,289824,653516.36,132426198.19731,0
1614081600000,204.082,225.229,196.255,219.850,1414848.22,1614085199999,296342549.56921,311605,707877.60,148448507.47399,0
1614085200000,219.609,229.500,215.611,224.940,1025638.26,1614088799999,228495597.41549,236184,497923.62,110994373.13148,0
1614088800000,225.000,234.769,210.200,216.969,1026973.64,1614092399999,228352930.75506,217581,484511.82,107743846.18182,0
1614092400000,216.800,234.817,214.128,230.582,941667.86,1614095999999,213035123.66842,220164,456518.16,103306552.05709,0
1614096000000,230.633,236.031,224.000,226.035,676777.12,1614099599999,155167734.90411,171305,333100.50,76447290.55183,0
1614099600000,226.006,230.466,219.407,220.459,508367.12,1614103199999,114645233.53478,124110,241412.10,54504826.01761,0
1614103200000,220.441,223.409,214.338,215.918,471653.78,1614106799999,103104373.15772,109677,229968.76,50314297.91655,0
1614106800000,215.886,220.016,205.478,205.911,602064.72,1614110399999,127010070.20107,138783,288455.53,60865255.38947,0
1614110400000,205.889,219.158,203.041,218.980,586130.41,1614113999999,124124497.52947,143847,289151.60,61314660.50701,0
1614114000000,218.969,224.237,216.250,217.932,388006.44,1614117599999,85252309.61742,92856,182966.28,40226768.73593,0
1614117600000,217.850,225.633,216.603,225.169,267226.66,1614121199999,58894148.27254,64729,130882.51,28873218.97351,0
1614121200000,225.240,231.800,223.677,230.982,339575.18,1614124799999,77051462.06384,79713,157561.14,35777092.40370,0
1614124800000,230.990,231.092,213.200,222.618,661583.30,1614128399999,145458826.15079,132281,327238.41,71830333.67400,0
1614128400000,222.634,234.999,220.596,234.698,441003.90,1614131999999,100273727.66534,108022,217351.43,49488441.98245,0
1614132000000,234.811,243.710,231.200,240.247,554295.83,1614135599999,131518609.94510,129416,264245.57,62757003.59568,0
1614135600000,240.217,247.971,238.522,246.570,404597.69,1614139199999,98264527.47850,89527,199527.15,48492432.36689,0
1614139200000,246.599,256.000,241.946,246.562,814545.71,1614142799999,203280412.45905,163200,396136.74,98959355.53556,0
1614142800000,246.571,253.000,243.000,243.534,492723.25,1614146399999,121789030.93646,109993,240461.15,59422144.95641,0
1614146400000,243.534,248.031,235.000,242.550,569275.71,1614149999999,137038669.32083,121388,277021.16,66722614.66500,0
1614150000000,242.594,255.331,239.337,253.269,545828.92,1614153599999,134671329.65237,109955,269735.17,66610221.63458,0
1614153600000,253.380,271.360,249.000,269.106,1016970.65,1614157199999,266022634.60043,212140,498771.16,130563236.70767,0
1614157200000,269.188,280.811,265.000,271.988,1079715.06,1614160799999,295496199.94970,224330,531312.69,145469348.71559,0
1614160800000,271.966,274.482,258.040,259.025,923258.67,1614164399999,245432690.11502,172592,426191.32,113370364.79446,0
1614164400000,259.042,271.498,258.314,265.926,565369.32,1614167999999,150657672.40589,122895,274863.09,73252843.87416,0
1614168000000,265.926,277.352,265.819,271.568,620977.83,1614171599999,169418871.28419,138066,295132.04,80516167.71094,0
1614171600000,271.646,273.202,252.781,258.706,995302.88,1614175199999,260020231.13498,216135,461818.70,120663667.19040,0
1614175200000,258.758,264.577,239.000,246.761,1066498.77,1614178799999,266046747.94266,236525,486621.77,121482057.55486,0
1614178800000,246.761,257.799,236.490,257.285,871902.83,1614182399999,215835862.75521,192441,433292.58,107394418.45232,0
1614182400000,257.170,260.610,248.521,249.492,620880.35,1614185999999,158125238.96710,134245,294359.89,74999882.96796,0
1614186000000,249.614,260.513,249.561,257.324,397157.82,1614189599999,101584989.91684,96986,206194.49,52743673.25089,0
1614189600000,257.369,257.571,251.244,251.944,253454.26,1614193199999,64323133.03853,58685,121539.76,30859021.20828,0
1614193200000,251.943,253.143,241.000,244.103,411331.20,1614196799999,101465719.38418,84595,187038.44,46129008.69761,0
1614196800000,244.096,249.600,240.724,246.176,375115.62,1614200399999,91792203.00952,89511,185564.08,45435245.71616,0
1614200400000,246.238,246.923,234.315,243.382,473413.54,1614203999999,113639653.41602,104588,228747.25,54950833.27997,0
1614204000000,243.383,249.588,235.414,247.696,352746.97,1614207599999,85560978.41333,87561,183344.60,44511330.82516,0
1614207600000,247.664,255.000,246.500,254.183,382260.53,1614211199999,96424526.05932,94732,191386.82,48280395.51415,0
1614211200000,254.194,265.820,249.622,262.128,515783.04,1614214799999,133253167.06330,126144,258472.91,66801086.93865,0
1614214800000,262.158,263.875,252.566,254.507,355101.65,1614218399999,91751436.71591,70638,160801.62,41561747.36622,0
1614218400000,254.451,257.625,250.602,253.616,244738.02,1614221999999,62149833.84802,57530,119273.17,30311203.03992,0
1614222000000,253.636,253.640,245.620,251.789,295555.14,1614225599999,73764590.96862,68140,142927.40,35687928.96304,0
1614225600000,251.689,254.641,244.000,245.135,399086.76,1614229199999,99275901.32991,91476,192475.36,47903459.13585,0
1614229200000,245.135,251.149,242.220,251.021,310086.05,1614232799999,76486610.26093,77283,156276.04,38574205.57264,0
1614232800000,251.020,252.660,248.130,249.090,198562.62,1614236399999,49671310.87912,44894,89501.75,22395997.97804,0
1614236400000,249.105,251.784,245.500,248.119,228353.32,1614239999999,56807055.29910,54784,110221.23,27432055.79042,0
1614240000000,248.119,250.439,240.000,242.084,366793.04,1614243599999,89638400.73462,76744,160757.21,39319607.81446,0
1614243600000,242.196,244.425,238.000,242.294,441064.62,1614247199999,106424835.45615,98315,213636.74,51591494.38520,0
1614247200000,242.297,248.000,241.200,246.560,313525.45,1614250799999,76764629.36139,69174,158925.83,38933517.68401,0
1614250800000,246.540,250.550,244.518,248.414,372339.50,1614254399999,92243814.16998,82618,185101.20,45891926.77383,0
1614254400000,248.397,260.345,245.952,259.986,564075.53,1614257999999,142831271.39346,133680,287214.83,72739816.42373,0
1614258000000,259.986,265.000,254.258,258.468,763255.86,1614261599999,197924985.01974,165851,359304.90,93190481.24727,0
1614261600000,258.468,261.159,252.500,253.582,419042.39,1614265199999,107529864.39086,100885,201262.33,51670945.25947,0
1614265200000,253.536,257.320,252.400,254.933,306621.93,1614268799999,78213625.23575,75312,150072.50,38295201.07245,0
1614268800000,254.933,260.757,252.524,255.248,366463.91,1614272399999,94192570.59660,87184,179729.05,46213888.84962,0
1614272400000,255.194,255.240,244.487,247.244,519010.53,1614275999999,129303364.79925,112685,237953.53,59281939.07165,0
1614276000000,247.248,249.800,244.070,246.244,294315.34,1614279599999,72907133.86473,61702,141612.12,35079885.52099,0
1614279600000,246.230,249.306,243.100,246.788,236734.74,1614283199999,58415809.76819,59993,117549.15,29019196.27661,0
1614283200000,246.803,247.686,242.432,244.596,275285.00,1614286799999,67310809.70247,64041,127909.08,31279302.53038,0
1614286800000,244.595,245.763,239.416,240.102,301310.36,1614290399999,73156781.59822,65148,148609.06,36108786.97722,0
1614290400000,240.147,248.462,234.257,242.630,535937.79,1614293999999,129383968.22602,126647,253735.55,61299891.65486,0
1614294000000,242.711,244.900,231.000,234.376,448157.82,1614297599999,106972539.87050,113352,207590.18,49617130.83230,0
1614297600000,234.409,234.882,219.046,226.923,921147.70,1614301199999,208605511.68277,225542,425479.84,96443490.14879,0
1614301200000,226.956,235.500,224.000,226.087,592623.80,1614304799999,135904826.20888,154170,285200.80,65414892.64541,0
1614304800000,226.016,232.999,223.000,229.684,429601.79,1614308399999,98148695.63734,107026,219983.45,50277547.98570,0
1614308400000,229.694,231.705,226.443,228.343,264031.05,1614311999999,60507607.11476,69471,131222.79,30080541.51670,0
1614312000000,228.296,233.216,227.300,227.999,278824.27,1614315599999,64247796.65511,63968,131481.70,30305768.35224,0
1614315600000,227.908,229.455,212.500,213.255,513712.02,1614319199999,113597817.68943,111296,219708.97,48686103.77205,0
1614319200000,213.165,222.000,213.000,221.248,436976.78,1614322799999,95716901.42617,101457,227406.33,49822269.46430,0
1614322800000,221.285,223.000,208.872,214.941,674412.78,1614326399999,144777635.63440,148742,325890.70,69973448.26221,0
1614326400000,214.972,223.700,214.961,220.729,477002.83,1614329999999,104764216.44355,110592,236076.12,51864842.86262,0
1614330000000,220.721,232.087,217.723,230.061,553032.37,1614333599999,125084217.21450,124642,286889.44,64895612.42780,0
1614333600000,230.001,232.377,227.200,228.422,403310.52,1614337199999,92646311.83476,88533,206191.23,47397840.04130,0
1614337200000,228.492,230.704,220.303,224.857,458903.07,1614340799999,103159191.57840,93246,221718.68,49840807.98236,0
1614340800000,224.891,231.800,224.227,227.724,388632.95,1614344399999,88702155.35219,85376,193255.80,44096093.35811,0
1614344400000,227.751,228.912,221.684,224.432,402943.68,1614347999999,90562026.30023,87157,197453.67,44387105.31097,0
1614348000000,224.398,230.973,221.711,226.757,475825.70,1614351599999,107851204.14202,94750,236309.00,53607920.36628,0
1614351600000,226.780,235.080,224.500,231.668,515898.12,1614355199999,118517889.98512,110758,270923.82,62288967.11904,0
1614355200000,231.700,238.300,231.238,236.134,428682.74,1614358799999,100667751.64588,93317,217383.83,51069772.94408,0
1614358800000,236.064,239.772,232.034,233.428,296293.06,1614362399999,69956134.11665,72245,143259.58,33836168.65159,0
1614362400000,233.424,235.620,230.500,230.612,205958.50,1614365999999,48044104.03894,52335,95502.08,22290893.60180,0
1614366000000,230.618,231.787,225.000,225.846,304748.12,1614369599999,69497866.22249,67024,144971.88,33060230.05285,0
1614369600000,225.846,228.169,220.900,222.736,294766.02,1614373199999,66113274.90652,69540,131709.59,29573743.63658,0
1614373200000,222.736,225.749,218.589,219.373,288144.74,1614376799999,64184178.42448,67708,140407.71,31292966.58554,0
1614376800000,219.333,220.376,213.780,216.018,300688.97,1614380399999,65466130.68103,73414,138132.16,30099337.88204,0
1614380400000,216.013,221.959,214.121,221.600,240295.29,1614383999999,52629527.92081,63168,119933.40,26288277.90407,0
1614384000000,221.594,232.341,220.351,231.272,310261.36,1614387599999,70511150.61843,88703,159150.61,36179353.50995,0
1614387600000,231.278,231.704,226.330,229.917,263490.62,1614391199999,60316261.85984,69181,122802.27,28115679.06429,0
1614391200000,229.918,230.053,224.478,226.104,180738.87,1614394799999,41109565.68198,49516,84348.78,19191857.16175,0
1614394800000,226.111,231.735,225.630,228.139,218508.76,1614398399999,50052472.69890,61573,116859.77,26770949.85800,0
1614398400000,228.214,230.287,226.181,229.273,166350.13,1614401999999,37956980.41279,43209,80998.55,18483068.73105,0
1614402000000,229.273,235.500,228.236,235.043,222643.49,1614405599999,51646621.57692,62608,120536.56,27973535.24308,0
1614405600000,235.090,238.000,231.544,233.848,289423.72,1614409199999,67949689.10750,67993,139004.56,32643114.02519,0
1614409200000,233.848,234.467,229.444,231.849,254202.26,1614412799999,58938042.97537,63237,118775.41,27550082.04014,0
1614412800000,231.840,233.800,225.668,226.775,322954.79,1614416399999,73935825.08566,70528,147269.26,33712924.42281,0
1614416400000,226.775,227.250,222.037,225.690,359963.96,1614419999999,80936635.86686,80727,174779.07,39325297.81887,0
1614420000000,225.660,229.195,224.970,226.549,234063.45,1614423599999,53123089.72758,53881,115444.99,26218422.99706,0
1614423600000,226.582,231.798,226.502,229.448,204339.70,1614427199999,46856583.88280,49879,103194.50,23667809.18692,0
1614427200000,229.478,231.372,225.534,230.112,295095.52,1614430799999,67545474.54840,68330,140562.89,32190519.81081,0
1614430800000,230.089,232.568,228.353,228.547,205887.64,1614434399999,47394224.37996,53878,102417.28,23584084.77633,0
1614434400000,228.550,230.389,225.030,226.510,194082.81,1614437999999,44118900.39512,46748,91278.80,20749213.75073,0
1614438000000,226.566,228.669,222.000,223.672,297878.35,1614441599999,66989076.78154,72695,142463.40,32051029.98058,0
1614441600000,223.615,226.880,222.000,224.823,207313.37,1614445199999,46610024.84401,52641,103198.79,23212283.39873,0
1614445200000,224.842,227.074,223.904,226.080,114012.97,1614448799999,25732336.10024,29276,58064.23,13105331.95345,0
1614448800000,226.108,227.684,225.804,226.207,83097.80,1614452399999,18843855.63873,21671,37726.48,8557260.19573,0
1614452400000,226.208,229.857,225.832,229.424,136273.06,1614455999999,31076482.71869,35837,70774.26,16138507.92001,0
1614456000000,229.445,229.998,226.522,228.086,130053.59,1614459599999,29737488.58311,35887,59395.21,13584923.17344,0
1614459600000,228.085,231.156,227.558,229.416,155543.58,1614463199999,35661998.46263,43507,78431.82,17988120.38384,0
1614463200000,229.445,229.981,222.711,223.559,150268.46,1614466799999,34086145.01943,39435,65600.40,14897340.05955,0
1614466800000,223.543,226.602,218.991,225.360,399950.90,1614470399999,89066034.38977,91342,197616.64,44043256.87903,0
1614470400000,225.330,229.294,222.500,225.753,260993.78,1614473999999,58947480.93824,62631,130003.80,29373265.17199,0
1614474000000,225.784,227.331,224.501,226.944,120156.21,1614477599999,27182848.35754,31964,56571.03,12798532.65791,0
1614477600000,226.889,227.257,219.000,220.346,228276.95,1614481199999,50723806.90941,50407,98548.78,21916204.92636,0
1614481200000,220.364,221.369,210.829,211.667,440378.44,1614484799999,95001942.65187,106921,196337.04,42379102.60906,0
1614484800000,211.689,215.200,210.000,210.132,360895.33,1614488399999,76748455.20416,88692,182912.10,38917806.99775,0
1614488400000,210.132,216.281,207.102,211.571,360314.65,1614491999999,76657931.72764,93773,173903.25,37040520.48964,0
1614492000000,211.638,211.778,204.374,205.155,488202.01,1614495599999,101576226.37832,107800,233766.17,48659266.31942,0
1614495600000,205.150,211.187,204.482,209.667,371808.49,1614499199999,77462713.49149,81760,199112.08,41496349.01450,0
1614499200000,209.649,215.888,209.356,212.885,408912.23,1614502799999,87038278.15147,82468,207073.14,44100058.33280,0
1614502800000,212.891,215.675,211.396,213.871,222043.84,1614506399999,47628179.74750,47134,104487.72,22419629.11646,0
1614506400000,213.868,216.987,211.458,214.565,247976.43,1614509999999,53126644.85738,52205,121939.13,26141975.21470,0
1614510000000,214.559,219.300,213.385,216.473,255664.26,1614513599999,55420147.61550,54687,131646.94,28551296.33778,0
1614513600000,216.472,217.200,209.479,211.551,326731.23,1614517199999,69454022.41403,62028,145129.26,30839581.58998,0
1614517200000,211.552,211.966,206.689,207.036,288832.89,1614520799999,60441781.22224,57282,130577.38,27332944.39265,0
1614520800000,207.076,209.106,203.000,208.759,469234.85,1614524399999,96822563.94888,94466,223444.18,46130809.67788,0
1614524400000,208.755,209.343,196.522,198.528,657335.02,1614527999999,132370663.80905,123958,315463.97,63565276.03588,0
1614528000000,198.601,202.383,195.000,199.100,567310.27,1614531599999,113178701.35410,109509,276775.36,55245054.17952,0
1614531600000,199.100,201.650,195.401,195.961,316666.65,1614535199999,62978480.40246,63682,154852.37,30804102.74096,0
1614535200000,195.982,199.723,195.100,199.099,246038.32,1614538799999,48697114.03585,50220,123204.04,24391088.05619,0
1614538800000,199.099,205.662,198.157,205.187,266440.03,1614542399999,53721501.01579,55743,141059.66,28444975.78572,0
1614542400000,205.176,207.900,202.368,206.883,265120.70,1614545999999,54320197.09053,52981,128546.89,26345340.61301,0
1614546000000,206.833,210.890,206.770,208.812,259911.11,1614549599999,54273376.40080,64228,126564.94,26437509.30333,0
1614549600000,208.815,209.800,205.238,208.166,155622.09,1614553199999,32325456.99738,36042,71742.94,14911055.24202,0
1614553200000,208.201,214.877,208.050,210.110,319907.39,1614556799999,67771363.22283,72332,156857.35,33228665.18710,0
